     1.001205400|4806741645||ll_cache_miss_rd|278000053240|100.00||
     2.617302040|4410985507||ll_cache_miss_rd|256467328040|100.00||
     4.189147600|4297766240||ll_cache_miss_rd|250000367240|100.00||
     5.717308680|4191807179||ll_cache_miss_rd|243693437720|100.00||
     7.229258120|4129099925||ll_cache_miss_rd|240825920200|100.00||
     8.733249280|4138078060||ll_cache_miss_rd|240654518000|100.00||
    10.249279160|4187996756||ll_cache_miss_rd|243820676080|100.00||
    11.777267640|4186791406||ll_cache_miss_rd|243862002840|100.00||
    13.297280080|4207756736||ll_cache_miss_rd|244921424920|100.00||
    14.849264160|4207325534||ll_cache_miss_rd|244649353840|100.00||
    16.325276120|4095055954||ll_cache_miss_rd|238740001840|100.00||
    17.849248120|4165531959||ll_cache_miss_rd|242256667120|100.00||
    19.345426000|4142845827||ll_cache_miss_rd|241112898400|100.00||
    20.865306000|4148559243||ll_cache_miss_rd|241547410480|100.00||
    22.365194880|4153558775||ll_cache_miss_rd|241769363400|100.00||
    23.901303360|4245404208||ll_cache_miss_rd|246930033280|100.00||
    25.449227960|4219744364||ll_cache_miss_rd|245606765000|100.00||
    26.957202280|4163451173||ll_cache_miss_rd|242349260480|100.00||
    28.517463560|4279635506||ll_cache_miss_rd|249162129440|100.00||
    30.049323000|4189626169||ll_cache_miss_rd|243789970160|100.00||
    31.537301080|4139043422||ll_cache_miss_rd|240965922880|100.00||
    33.113321640|4319181661||ll_cache_miss_rd|251355742320|100.00||
    34.665242480|4244527646||ll_cache_miss_rd|247116015640|100.00||
    36.185263760|4138286378||ll_cache_miss_rd|240859899880|100.00||
    37.649320320|4103162207||ll_cache_miss_rd|238896445680|100.00||
    39.217385880|4274877399||ll_cache_miss_rd|248818405920|100.00||
    40.745422280|4213244447||ll_cache_miss_rd|245062131360|100.00||
    42.273325800|4163310737||ll_cache_miss_rd|242293024480|100.00||
    43.777156720|4169605630||ll_cache_miss_rd|242627097720|100.00||
    45.309312600|4185529211||ll_cache_miss_rd|243659603560|100.00||
    46.817319080|4156591295||ll_cache_miss_rd|241733675280|100.00||
    48.341398760|4242377120||ll_cache_miss_rd|243245738160|100.00||
    49.841336160|4298050776||ll_cache_miss_rd|241387490200|100.00||
    51.357273640|4240371539||ll_cache_miss_rd|243168712960|100.00||
    52.877276800|4170507716||ll_cache_miss_rd|242074917560|100.00||
    54.397382440|4190635874||ll_cache_miss_rd|243823601800|100.00||
    55.929337920|4207826184||ll_cache_miss_rd|244788200240|100.00||
    57.441310920|4123285213||ll_cache_miss_rd|240022164040|100.00||
    58.917414080|4117934319||ll_cache_miss_rd|239695982000|100.00||
    60.473314880|4234868939||ll_cache_miss_rd|246454532640|100.00||
    61.985311520|4204548272||ll_cache_miss_rd|244716034280|100.00||
    63.541214120|4227475576||ll_cache_miss_rd|246003201760|100.00||
    65.053275280|4196544865||ll_cache_miss_rd|244221866400|100.00||
    66.617266320|4291574037||ll_cache_miss_rd|249824728600|100.00||
    68.173227840|4273606417||ll_cache_miss_rd|248622774640|100.00||
    69.697456320|4221335511||ll_cache_miss_rd|245712932040|100.00||
    71.265384000|4272574171||ll_cache_miss_rd|248615380440|100.00||
    72.797275240|4240335229||ll_cache_miss_rd|246812042400|100.00||
    74.353332400|4248611889||ll_cache_miss_rd|247173068360|100.00||
    75.877259440|4192540527||ll_cache_miss_rd|244019982240|100.00||
    77.389187160|4142493718||ll_cache_miss_rd|240912923840|100.00||
    78.893288280|4128263381||ll_cache_miss_rd|240277722720|100.00||
    80.401234080|4139958662||ll_cache_miss_rd|240635441400|100.00||
    81.893352480|4153774247||ll_cache_miss_rd|241496933360|100.00||
    83.425154240|4214266373||ll_cache_miss_rd|244916666960|100.00||
    84.953283920|4189526531||ll_cache_miss_rd|243468731720|100.00||
    86.469318560|4169489170||ll_cache_miss_rd|242649254120|100.00||
    87.997184080|4228538595||ll_cache_miss_rd|245972612160|100.00||
    89.545440880|4214775836||ll_cache_miss_rd|245250991560|100.00||
    91.029225880|4115698505||ll_cache_miss_rd|239342657440|100.00||
    92.577191640|4242259762||ll_cache_miss_rd|246843061360|100.00||
    94.117377000|4228524108||ll_cache_miss_rd|245975284480|100.00||
    95.649361440|4249237748||ll_cache_miss_rd|246281196320|100.00||
    97.197321760|4330542441||ll_cache_miss_rd|249815192040|100.00||
    98.773376480|4402343667||ll_cache_miss_rd|251800449680|100.00||
   100.341427120|4335805070||ll_cache_miss_rd|247180600920|100.00||
   101.817194680|4114551721||ll_cache_miss_rd|237262174480|100.00||
   103.329251400|4193110618||ll_cache_miss_rd|242261574440|100.00||
   104.861318240|4235276185||ll_cache_miss_rd|246134755280|100.00||
   106.417214080|4238670800||ll_cache_miss_rd|246148991240|100.00||
   107.897293320|4089990244||ll_cache_miss_rd|238038030520|100.00||
   109.417387160|4206250048||ll_cache_miss_rd|244738284960|100.00||
   110.969319360|4235884292||ll_cache_miss_rd|246313582440|100.00||
   112.465190360|4121106307||ll_cache_miss_rd|239730962600|100.00||
   113.969308760|4137046601||ll_cache_miss_rd|240721144800|100.00||
   115.493284760|4180608540||ll_cache_miss_rd|243195084880|100.00||
   116.993373760|4174561254||ll_cache_miss_rd|242994701440|100.00||
   118.549301400|4215940116||ll_cache_miss_rd|245253102200|100.00||
   120.033182960|4088930088||ll_cache_miss_rd|237964037080|100.00||
   121.545352040|4201316595||ll_cache_miss_rd|244503897680|100.00||
   123.093279440|4236740605||ll_cache_miss_rd|246478939200|100.00||
   124.617316560|4181857401||ll_cache_miss_rd|243326289000|100.00||
   126.129233000|4133756960||ll_cache_miss_rd|240525651200|100.00||
   127.625243560|4143404757||ll_cache_miss_rd|241161943720|100.00||
   129.169294360|4226977476||ll_cache_miss_rd|245912506200|100.00||
   130.673248920|4151935149||ll_cache_miss_rd|241713900760|100.00||
   132.205330400|4226307692||ll_cache_miss_rd|245939340720|100.00||
   133.737284760|4202020842||ll_cache_miss_rd|244543524840|100.00||
   135.265355920|4173397575||ll_cache_miss_rd|242780472160|100.00||
   136.765188560|4119678143||ll_cache_miss_rd|239656703360|100.00||
   138.253259560|4106205934||ll_cache_miss_rd|238906579960|100.00||
   139.753287840|4158569635||ll_cache_miss_rd|241898046760|100.00||
   141.289251120|4222200682||ll_cache_miss_rd|245734883120|100.00||
   142.853306680|4314719104||ll_cache_miss_rd|250766023120|100.00||
   144.413178080|4259286090||ll_cache_miss_rd|246595547440|100.00||
   145.885321080|4105289960||ll_cache_miss_rd|237257587240|100.00||
   147.433267840|4308557484||ll_cache_miss_rd|248434263960|100.00||
   148.953320360|4204451209||ll_cache_miss_rd|241650754320|100.00||
   150.465297000|4215593061||ll_cache_miss_rd|242041240240|100.00||
   151.993111360|4245484974||ll_cache_miss_rd|244576668160|100.00||
   153.513269520|4231770050||ll_cache_miss_rd|244995484840|100.00||
   155.073327200|4278069560||ll_cache_miss_rd|247796371760|100.00||
   156.589302120|4190098349||ll_cache_miss_rd|243392722720|100.00||
   158.113381240|4205427588||ll_cache_miss_rd|244599406640|100.00||
   159.681339720|4306081070||ll_cache_miss_rd|250084108800|100.00||
   161.189272840|4178739779||ll_cache_miss_rd|243060768200|100.00||
   162.749268360|4246273121||ll_cache_miss_rd|246983120280|100.00||
   164.269305120|4207918738||ll_cache_miss_rd|244691701920|100.00||
   165.813232160|4224822974||ll_cache_miss_rd|245823857440|100.00||
   167.345407760|4229397394||ll_cache_miss_rd|246046954840|100.00||
   168.865349320|4185144127||ll_cache_miss_rd|243632034280|100.00||
   170.397172800|4173847154||ll_cache_miss_rd|242877880120|100.00||
   171.909199880|4164831170||ll_cache_miss_rd|242288665360|100.00||
   173.417186800|4161351286||ll_cache_miss_rd|242171777200|100.00||
   174.973277080|4258622469||ll_cache_miss_rd|247857457840|100.00||
   176.465188560|4140039263||ll_cache_miss_rd|240932353160|100.00||
   178.001238200|4235582032||ll_cache_miss_rd|246596132280|100.00||
   179.573148200|4278733501||ll_cache_miss_rd|248860569120|100.00||
   181.085219720|4176246248||ll_cache_miss_rd|243153712320|100.00||
   182.629365840|4226353087||ll_cache_miss_rd|245771471600|100.00||
   184.149332680|4187111046||ll_cache_miss_rd|243761926520|100.00||
   185.645324800|4116062354||ll_cache_miss_rd|239581977840|100.00||
   187.169248440|4172041184||ll_cache_miss_rd|242770720040|100.00||
   188.685239720|4195487829||ll_cache_miss_rd|244146005840|100.00||
   190.221402240|4187288515||ll_cache_miss_rd|243521843960|100.00||
   191.729269680|4236107564||ll_cache_miss_rd|245883558560|100.00||
   193.309252840|4298000634||ll_cache_miss_rd|249220465320|100.00||
   194.841269560|4273691434||ll_cache_miss_rd|247374876240|100.00||
   196.421227960|4324637257||ll_cache_miss_rd|249357107760|100.00||
   197.905402560|4154361088||ll_cache_miss_rd|240186856080|100.00||
   199.437362120|4225105123||ll_cache_miss_rd|243700003800|100.00||
   200.961326840|4242928747||ll_cache_miss_rd|243986178240|100.00||
   202.461235880|4149911277||ll_cache_miss_rd|239750466080|100.00||
   203.981233440|4183780116||ll_cache_miss_rd|242374303520|100.00||
   205.453287240|4073890672||ll_cache_miss_rd|235743330680|100.00||
   206.937341200|4115547424||ll_cache_miss_rd|238986688280|100.00||
   208.449298400|4173154720||ll_cache_miss_rd|242198511800|100.00||
   210.005281960|4260975101||ll_cache_miss_rd|247888134440|100.00||
   211.537304720|4227388211||ll_cache_miss_rd|245747272400|100.00||
   213.057312800|4148739754||ll_cache_miss_rd|241193691560|100.00||
   214.533412200|4107911528||ll_cache_miss_rd|238976019280|100.00||
   216.081458360|4229209753||ll_cache_miss_rd|246158149040|100.00||
   217.601227760|4228824540||ll_cache_miss_rd|245965445520|100.00||
   219.165287040|4270918536||ll_cache_miss_rd|248420989160|100.00||
   220.713302240|4252407123||ll_cache_miss_rd|247313458680|100.00||
   222.253228480|4213329892||ll_cache_miss_rd|245192292920|100.00||
   223.757299680|4150074847||ll_cache_miss_rd|241394294680|100.00||
   225.261303400|4127620713||ll_cache_miss_rd|240168520720|100.00||
   226.769353920|4147204363||ll_cache_miss_rd|241276547680|100.00||
   228.293521160|4203635082||ll_cache_miss_rd|244568147240|100.00||
   229.801327520|4119692336||ll_cache_miss_rd|239631327240|100.00||
   231.277395440|4054414384||ll_cache_miss_rd|235836428640|100.00||
   232.757144520|4093057405||ll_cache_miss_rd|238284663440|100.00||
   234.289202360|4197426470||ll_cache_miss_rd|244028118440|100.00||
   235.769330880|4084650317||ll_cache_miss_rd|237801722480|100.00||
   237.289278720|4155269089||ll_cache_miss_rd|241507139560|100.00||
   238.773287000|4085121748||ll_cache_miss_rd|237637526240|100.00||
   240.265268080|4164791717||ll_cache_miss_rd|241352193720|100.00||
   241.825309240|4308036835||ll_cache_miss_rd|250053908600|100.00||
   243.357270600|4206356048||ll_cache_miss_rd|243389904560|100.00||
   244.857282680|4145312437||ll_cache_miss_rd|239949335360|100.00||
   246.361202600|4219722227||ll_cache_miss_rd|243994648560|100.00||
   247.921380920|4253915969||ll_cache_miss_rd|245780828480|100.00||
   249.409378600|4168682997||ll_cache_miss_rd|240891590000|100.00||
   250.957364600|4267168313||ll_cache_miss_rd|246300953200|100.00||
   252.497315080|4285653936||ll_cache_miss_rd|247195679360|100.00||
   254.037272520|4250571898||ll_cache_miss_rd|246094098200|100.00||
   255.573301400|4209821859||ll_cache_miss_rd|244567882760|100.00||
   257.081441960|4171237213||ll_cache_miss_rd|241493455600|100.00||
   258.581220720|4101082538||ll_cache_miss_rd|238167017840|100.00||
   260.057366480|4124245540||ll_cache_miss_rd|239297834120|100.00||
   261.593271400|4179222230||ll_cache_miss_rd|243118918440|100.00||
   263.065337560|4044894503||ll_cache_miss_rd|235227634840|100.00||
   264.553258720|4167159348||ll_cache_miss_rd|242433620400|100.00||
   266.129317840|4317421825||ll_cache_miss_rd|250874553880|100.00||
   267.693258760|4241167589||ll_cache_miss_rd|246701426600|100.00||
   269.177289800|4115945046||ll_cache_miss_rd|239397690680|100.00||
   270.697368400|4180815653||ll_cache_miss_rd|243300159520|100.00||
   272.209378960|4157364720||ll_cache_miss_rd|241823424000|100.00||
   273.717340400|4155676559||ll_cache_miss_rd|241908652680|100.00||
   275.261335880|4227087929||ll_cache_miss_rd|245774382000|100.00||
   276.769509360|4137664373||ll_cache_miss_rd|240785025560|100.00||
   278.261421680|4167204635||ll_cache_miss_rd|242435137000|100.00||
   279.805422840|4192506928||ll_cache_miss_rd|243843011200|100.00||
   281.305200680|4110612687||ll_cache_miss_rd|239084457680|100.00||
   282.785231080|4128294805||ll_cache_miss_rd|240123410120|100.00||
   284.349501480|4296970977||ll_cache_miss_rd|250040783520|100.00||
   285.889337720|4234563604||ll_cache_miss_rd|246202122400|100.00||
   287.437208040|4252499127||ll_cache_miss_rd|247302801680|100.00||
   288.977325080|4243810166||ll_cache_miss_rd|246129656760|100.00||
   290.493471760|4171912936||ll_cache_miss_rd|242088284880|100.00||
   292.013424600|4212629178||ll_cache_miss_rd|244007338000|100.00||
   293.541200440|4183395788||ll_cache_miss_rd|242790258480|100.00||
   295.053344640|4189848829||ll_cache_miss_rd|241934480520|100.00||
   296.549290040|4136082927||ll_cache_miss_rd|239877394520|100.00||
   298.053302400|4154990066||ll_cache_miss_rd|239682263640|100.00||
   299.549331320|4204602034||ll_cache_miss_rd|243578734080|100.00||
   301.129371400|4342376006||ll_cache_miss_rd|250755414440|100.00||
   302.661409160|4199554558||ll_cache_miss_rd|242403453760|100.00||
   304.153344640|4160086950||ll_cache_miss_rd|241044560280|100.00||
   305.673256040|4197950464||ll_cache_miss_rd|243103059120|100.00||
   307.205325160|4206606285||ll_cache_miss_rd|244241596000|100.00||
   308.709350960|4159000770||ll_cache_miss_rd|241016736920|100.00||
   310.225268760|4189344260||ll_cache_miss_rd|243450554400|100.00||
   311.749315200|4200481810||ll_cache_miss_rd|243768281560|100.00||
   313.277421760|4229350876||ll_cache_miss_rd|245780836920|100.00||
   314.829275640|4239370165||ll_cache_miss_rd|246701047080|100.00||
   316.353209400|4177193260||ll_cache_miss_rd|243055959920|100.00||
   317.865381520|4130587368||ll_cache_miss_rd|240231251560|100.00||
   319.337380800|4100591434||ll_cache_miss_rd|238507695160|100.00||
   320.873391120|4209993912||ll_cache_miss_rd|244852875760|100.00||
   322.389235000|4148721760||ll_cache_miss_rd|241435918880|100.00||
   323.897269240|4158948502||ll_cache_miss_rd|241994868400|100.00||
   325.389215120|4098495864||ll_cache_miss_rd|238522816840|100.00||
   326.897291720|4150652168||ll_cache_miss_rd|241361448280|100.00||
   328.413197160|4176729074||ll_cache_miss_rd|243090930120|100.00||
   329.945313800|4233108503||ll_cache_miss_rd|246098665840|100.00||
   331.489266000|4250208322||ll_cache_miss_rd|247345678640|100.00||
   333.045205400|4250471062||ll_cache_miss_rd|246918866480|100.00||
   334.557199560|4171723658||ll_cache_miss_rd|242727947600|100.00||
   336.093231840|4271181631||ll_cache_miss_rd|247877750760|100.00||
   337.657176240|4249995044||ll_cache_miss_rd|246689973160|100.00||
   339.145255600|4125309762||ll_cache_miss_rd|239382801160|100.00||
   340.665132520|4168956665||ll_cache_miss_rd|241669996640|100.00||
   342.157316680|4170054201||ll_cache_miss_rd|242182624400|100.00||
   343.709266480|4265092326||ll_cache_miss_rd|246670279400|100.00||
   345.237217680|4208749595||ll_cache_miss_rd|243975668800|100.00||
   346.753201520|4193705288||ll_cache_miss_rd|242981133960|100.00||
   348.265299440|4178546355||ll_cache_miss_rd|241624940800|100.00||
   349.781186640|4182893833||ll_cache_miss_rd|242208035760|100.00||
   351.285298840|4183969534||ll_cache_miss_rd|241937267760|100.00||
   352.829325880|4278543496||ll_cache_miss_rd|247084199920|100.00||
   354.365160120|4207168896||ll_cache_miss_rd|243766997480|100.00||
   355.861193040|4213938248||ll_cache_miss_rd|244236408400|100.00||
   357.457199400|4346242037||ll_cache_miss_rd|252399090360|100.00||
   359.001340280|4267552370||ll_cache_miss_rd|247324257200|100.00||
   360.557321640|4270857342||ll_cache_miss_rd|248059949440|100.00||
   362.049439680|4107937250||ll_cache_miss_rd|238790211120|100.00||
   363.581255760|4200957704||ll_cache_miss_rd|243743428800|100.00||
   365.065362760|4106509077||ll_cache_miss_rd|238778738360|100.00||
   366.589270760|4147234769||ll_cache_miss_rd|241194670880|100.00||
   368.065466400|4114774728||ll_cache_miss_rd|239464954920|100.00||
   369.597387560|4214165413||ll_cache_miss_rd|245230184200|100.00||
   371.133480960|4212344925||ll_cache_miss_rd|244899913640|100.00||
   372.649324640|4216142951||ll_cache_miss_rd|245179738440|100.00||
   374.221289400|4272810346||ll_cache_miss_rd|248431190400|100.00||
   375.729301920|4130467796||ll_cache_miss_rd|240449158360|100.00||
   377.209414880|4109350789||ll_cache_miss_rd|239103164200|100.00||
   378.741238960|4189682934||ll_cache_miss_rd|243778428560|100.00||
   380.253250880|4141706618||ll_cache_miss_rd|240969215080|100.00||
   381.757401960|4148600063||ll_cache_miss_rd|241260107880|100.00||
   383.253319280|4108310377||ll_cache_miss_rd|238849051840|100.00||
   384.753380920|4142012064||ll_cache_miss_rd|240306666920|100.00||
   386.261313560|4182095234||ll_cache_miss_rd|242923131440|100.00||
   387.789285160|4203989352||ll_cache_miss_rd|244145215760|100.00||
   389.309261320|4182378244||ll_cache_miss_rd|242381635920|100.00||
   390.833348800|4221510616||ll_cache_miss_rd|245104459080|100.00||
   392.377424720|4270531731||ll_cache_miss_rd|247322321320|100.00||
   393.937311920|4345691630||ll_cache_miss_rd|251662680520|100.00||
   395.517331760|4263235370||ll_cache_miss_rd|247613515040|100.00||
   396.997262560|4172763493||ll_cache_miss_rd|241234378240|100.00||
   398.581276560|4372211923||ll_cache_miss_rd|253444814480|100.00||
   400.133218400|4284131470||ll_cache_miss_rd|248233322760|100.00||
   401.693325800|4299890140||ll_cache_miss_rd|248927514160|100.00||
   403.249247280|4295916238||ll_cache_miss_rd|248273068600|100.00||
   404.785250080|4274658009||ll_cache_miss_rd|247764537800|100.00||
   406.353259520|4253089118||ll_cache_miss_rd|246610804840|100.00||
   407.841318240|4107517378||ll_cache_miss_rd|238335984360|100.00||
   409.329267320|4133676542||ll_cache_miss_rd|240313596920|100.00||
   410.889307840|4250316008||ll_cache_miss_rd|246355951160|100.00||
   412.377315080|4145471111||ll_cache_miss_rd|240778715040|100.00||
   413.913182640|4224234207||ll_cache_miss_rd|245433318240|100.00||
   415.429323720|4171094038||ll_cache_miss_rd|241941080120|100.00||
   416.945312920|4271249373||ll_cache_miss_rd|248540736080|100.00||
   418.573232360|4380968884||ll_cache_miss_rd|254655745280|100.00||
   420.097356640|4225847856||ll_cache_miss_rd|245945943280|100.00||
   421.657247240|4286519979||ll_cache_miss_rd|249283987920|100.00||
   423.229336240|4272639989||ll_cache_miss_rd|248667465680|100.00||
   424.733233640|4163726289||ll_cache_miss_rd|241945718520|100.00||
   426.265262680|4167253392||ll_cache_miss_rd|242375937600|100.00||
   427.733290160|4059358586||ll_cache_miss_rd|236190041680|100.00||
   429.233401640|4130437437||ll_cache_miss_rd|240237813160|100.00||
   430.725164760|4111586951||ll_cache_miss_rd|238900945280|100.00||
   432.229222200|4152850948||ll_cache_miss_rd|241240735720|100.00||
   433.733243200|4160589559||ll_cache_miss_rd|241742033360|100.00||
   435.269318400|4219825065||ll_cache_miss_rd|244872957040|100.00||
   436.797423120|4220647551||ll_cache_miss_rd|244874342000|100.00||
   438.337358120|4255869557||ll_cache_miss_rd|247190195760|100.00||
   439.889433680|4293042953||ll_cache_miss_rd|249342565680|100.00||
   441.429326000|4234640770||ll_cache_miss_rd|245233089080|100.00||
   442.985229080|4292766074||ll_cache_miss_rd|248601584480|100.00||
   444.521254400|4205053416||ll_cache_miss_rd|244210803320|100.00||
   446.013304200|4152094764||ll_cache_miss_rd|240413924720|100.00||
   447.545387600|4206279612||ll_cache_miss_rd|243376939280|100.00||
   449.065223440|4212586837||ll_cache_miss_rd|244398084440|100.00||
   450.609321280|4266788907||ll_cache_miss_rd|247101822720|100.00||
   452.137265000|4225940207||ll_cache_miss_rd|244948555120|100.00||
   453.669223440|4241838449||ll_cache_miss_rd|245381929880|100.00||
   455.225219840|4254277355||ll_cache_miss_rd|246376707480|100.00||
   456.717207560|4145474625||ll_cache_miss_rd|240589482040|100.00||
   458.233308240|4203278006||ll_cache_miss_rd|243648532480|100.00||
   459.793208440|4251676206||ll_cache_miss_rd|247166119360|100.00||
   461.289348280|4096201338||ll_cache_miss_rd|238172110080|100.00||
   462.761324120|4112016115||ll_cache_miss_rd|238428230360|100.00||
   464.301332880|4253161403||ll_cache_miss_rd|247226999560|100.00||
   465.849304400|4220103635||ll_cache_miss_rd|244948169200|100.00||
   467.353214960|4133058198||ll_cache_miss_rd|240037072120|100.00||
   468.841273640|4121460934||ll_cache_miss_rd|239628784920|100.00||
   470.353225080|4136543191||ll_cache_miss_rd|240642322440|100.00||
   471.853259920|4164485306||ll_cache_miss_rd|242280864080|100.00||
   473.389238640|4195783779||ll_cache_miss_rd|244103596560|100.00||
   474.897265800|4135595065||ll_cache_miss_rd|240579875640|100.00||
   476.393357040|4145008316||ll_cache_miss_rd|240978255000|100.00||
   477.917305920|4219466335||ll_cache_miss_rd|245072967680|100.00||
   479.481413760|4283509094||ll_cache_miss_rd|249034353680|100.00||
   480.989360080|4158914158||ll_cache_miss_rd|241237724640|100.00||
   482.513284480|4204272586||ll_cache_miss_rd|244327662920|100.00||
   484.033158840|4174121985||ll_cache_miss_rd|242516280000|100.00||
   485.537261600|4137129859||ll_cache_miss_rd|239728182200|100.00||
   487.029398680|4103782384||ll_cache_miss_rd|238488351960|100.00||
   488.529315880|4158432777||ll_cache_miss_rd|241453233880|100.00||
   490.057303320|4192248092||ll_cache_miss_rd|243372829840|100.00||
   491.537280320|4122005946||ll_cache_miss_rd|238611382000|100.00||
   493.077233400|4249296468||ll_cache_miss_rd|246645878040|100.00||
   494.609264000|4223068039||ll_cache_miss_rd|245281187800|100.00||
   496.157324320|4280577274||ll_cache_miss_rd|247739376360|100.00||
   497.701254960|4231186068||ll_cache_miss_rd|245320177960|100.00||
   499.209188880|4179293689||ll_cache_miss_rd|242602948840|100.00||
   500.741338080|4218381055||ll_cache_miss_rd|244240410880|100.00||
   502.277303480|4244400829||ll_cache_miss_rd|245892230640|100.00||
   503.805238320|4187474454||ll_cache_miss_rd|242415055560|100.00||
   505.261008000|4036394831||ll_cache_miss_rd|233865604760|100.00||
   506.769256360|4193362073||ll_cache_miss_rd|243170653400|100.00||
   508.297385320|4204549040||ll_cache_miss_rd|243863215400|100.00||
   509.821217520|4180341029||ll_cache_miss_rd|242644018280|100.00||
   511.329476040|4169557159||ll_cache_miss_rd|242475227680|100.00||
   512.849461720|4176069796||ll_cache_miss_rd|242632351960|100.00||
   514.341260040|4104540322||ll_cache_miss_rd|238132593960|100.00||
   515.829212720|4102041253||ll_cache_miss_rd|238463965720|100.00||
   517.345253400|4214712544||ll_cache_miss_rd|244926141200|100.00||
   518.913323120|4318401245||ll_cache_miss_rd|250883744440|100.00||
   520.481301360|4288243994||ll_cache_miss_rd|249329707720|100.00||
   522.009239800|4170119125||ll_cache_miss_rd|242438054800|100.00||
   523.493331040|4130185508||ll_cache_miss_rd|240016713520|100.00||
   525.033408640|4215240380||ll_cache_miss_rd|245283323760|100.00||
   526.557224720|4193481303||ll_cache_miss_rd|243594267200|100.00||
   528.077264640|4212396586||ll_cache_miss_rd|245033889800|100.00||
   529.621273840|4214744779||ll_cache_miss_rd|244502650120|100.00||
   531.133321400|4167333544||ll_cache_miss_rd|241696833160|100.00||
   532.653213840|4235111243||ll_cache_miss_rd|246078865840|100.00||
   534.213273280|4292189639||ll_cache_miss_rd|249010996680|100.00||
   535.745367760|4209095799||ll_cache_miss_rd|244598155520|100.00||
   537.277406160|4240764759||ll_cache_miss_rd|246327598600|100.00||
   538.825262680|4258250245||ll_cache_miss_rd|247266866880|100.00||
   540.369228200|4222411383||ll_cache_miss_rd|244567943360|100.00||
   541.881241120|4197336998||ll_cache_miss_rd|243346442480|100.00||
   543.413369920|4226513195||ll_cache_miss_rd|245732890600|100.00||
   544.949289760|4232444987||ll_cache_miss_rd|245441797400|100.00||
   546.477243240|4207607935||ll_cache_miss_rd|243526298000|100.00||
   547.969220920|4116572586||ll_cache_miss_rd|238961997360|100.00||
   549.501298560|4226625806||ll_cache_miss_rd|245265603920|100.00||
   551.037256120|4226658956||ll_cache_miss_rd|245043598000|100.00||
   552.549342280|4212417985||ll_cache_miss_rd|243971139560|100.00||
   554.097186440|4271556281||ll_cache_miss_rd|247369510280|100.00||
   555.641094640|4254956098||ll_cache_miss_rd|246705989640|100.00||
   557.181260560|4271519704||ll_cache_miss_rd|247603700360|100.00||
   558.737334560|4228839166||ll_cache_miss_rd|245521266040|100.00||
   560.217276840|4125519244||ll_cache_miss_rd|239293300680|100.00||
   561.761333640|4261998639||ll_cache_miss_rd|247721072920|100.00||
   563.313321400|4202473018||ll_cache_miss_rd|244271741120|100.00||
   564.765263840|4027188105||ll_cache_miss_rd|233836932800|100.00||
   566.269337720|4179897766||ll_cache_miss_rd|242706072960|100.00||
   567.817299040|4240813842||ll_cache_miss_rd|246550347520|100.00||
   569.329280200|4173494643||ll_cache_miss_rd|242625978400|100.00||
   570.865215520|4208372512||ll_cache_miss_rd|244220285760|100.00||
   572.393456880|4223045649||ll_cache_miss_rd|245443900720|100.00||
   573.897367720|4165166099||ll_cache_miss_rd|242140630320|100.00||
   575.441590000|4227613811||ll_cache_miss_rd|245743358600|100.00||
   576.961331240|4170132955||ll_cache_miss_rd|242137362600|100.00||
   578.489253040|4197723459||ll_cache_miss_rd|244023695040|100.00||
   579.977283480|4145690475||ll_cache_miss_rd|240747405520|100.00||
   581.525244200|4241383731||ll_cache_miss_rd|246447875560|100.00||
   583.033195240|4175039977||ll_cache_miss_rd|242002558080|100.00||
   584.561354400|4203161076||ll_cache_miss_rd|244023442760|100.00||
   586.069316360|4133721687||ll_cache_miss_rd|240122483960|100.00||
   587.577267120|4194998922||ll_cache_miss_rd|243642189640|100.00||
   589.117261240|4218565437||ll_cache_miss_rd|244535374680|100.00||
   590.625367080|4175799707||ll_cache_miss_rd|241955540680|100.00||
   592.133290600|4154928069||ll_cache_miss_rd|241541346920|100.00||
   593.669258760|4196274715||ll_cache_miss_rd|243691454520|100.00||
   595.165296600|4128935389||ll_cache_miss_rd|239201529640|100.00||
   596.661263680|4172786854||ll_cache_miss_rd|241737128200|100.00||
   598.197264080|4202649505||ll_cache_miss_rd|244026450800|100.00||
   599.685289880|4171338526||ll_cache_miss_rd|242107199480|100.00||
   601.257061400|4269720058||ll_cache_miss_rd|247587481960|100.00||
   602.761254640|4194804550||ll_cache_miss_rd|242959174480|100.00||
   604.309299800|4232932424||ll_cache_miss_rd|245285701600|100.00||
   605.797212520|4128486069||ll_cache_miss_rd|239364480600|100.00||
   607.321270920|4201877978||ll_cache_miss_rd|243698432760|100.00||
   608.849311080|4193803064||ll_cache_miss_rd|243764773760|100.00||
   610.353251520|4125141121||ll_cache_miss_rd|239133363720|100.00||
   611.833371000|4084372703||ll_cache_miss_rd|237023719040|100.00||
   613.301324120|4075785877||ll_cache_miss_rd|237089129400|100.00||
   614.829409120|4174558343||ll_cache_miss_rd|242910997360|100.00||
   616.309411320|4106741776||ll_cache_miss_rd|238530569640|100.00||
   617.841214240|4220876389||ll_cache_miss_rd|245247179800|100.00||
   619.373279360|4191813338||ll_cache_miss_rd|243611345120|100.00||
   620.853234600|4079675761||ll_cache_miss_rd|237217608880|100.00||
   622.365266280|4190820208||ll_cache_miss_rd|243029578360|100.00||
   623.897321040|4220678980||ll_cache_miss_rd|245453324800|100.00||
   625.437288440|4233110881||ll_cache_miss_rd|245509472800|100.00||
   626.961264240|4166797775||ll_cache_miss_rd|242240676920|100.00||
   628.449367760|4101438861||ll_cache_miss_rd|238068785640|100.00||
   629.945291120|4111391826||ll_cache_miss_rd|239039074520|100.00||
   631.433261680|4084057403||ll_cache_miss_rd|236665131200|100.00||
   632.877227480|4005340935||ll_cache_miss_rd|232948002720|100.00||
   634.381371520|4158365381||ll_cache_miss_rd|241751937960|100.00||
   635.881305560|4084130300||ll_cache_miss_rd|237448645800|100.00||
   637.361287040|4104240339||ll_cache_miss_rd|237950849360|100.00||
   638.857329000|4187643309||ll_cache_miss_rd|242745108880|100.00||
   640.425335920|4256972989||ll_cache_miss_rd|246858726560|100.00||
   641.921347640|4152355865||ll_cache_miss_rd|241422702960|100.00||
   643.429365680|4165395078||ll_cache_miss_rd|242131885400|100.00||
   644.973311360|4249748395||ll_cache_miss_rd|246191978280|100.00||
   646.497252120|4203500556||ll_cache_miss_rd|243737612600|100.00||
   648.025377840|4168617787||ll_cache_miss_rd|242048993280|100.00||
   649.513277920|4151461579||ll_cache_miss_rd|241040882480|100.00||
   651.029369520|4171591709||ll_cache_miss_rd|241741304520|100.00||
   652.525172040|4156307094||ll_cache_miss_rd|241065491200|100.00||
   654.065288160|4177461008||ll_cache_miss_rd|242297925600|100.00||
   655.517323160|4069941194||ll_cache_miss_rd|235692838920|100.00||
   657.029167960|4178709972||ll_cache_miss_rd|242328888840|100.00||
   658.569186120|4208622633||ll_cache_miss_rd|244280409680|100.00||
   660.065390400|4146275668||ll_cache_miss_rd|241119733520|100.00||
   661.593283760|4215653609||ll_cache_miss_rd|244576453760|100.00||
   663.117402160|4191085076||ll_cache_miss_rd|243399717240|100.00||
   664.649308440|4201756808||ll_cache_miss_rd|244350336200|100.00||
   666.161390040|4204689968||ll_cache_miss_rd|244498475720|100.00||
   667.717281160|4234105755||ll_cache_miss_rd|245645918520|100.00||
   669.205308080|4120922952||ll_cache_miss_rd|239305526640|100.00||
   670.725450320|4178639513||ll_cache_miss_rd|242590798760|100.00||
   672.233294080|4180788389||ll_cache_miss_rd|243004990280|100.00||
   673.737643640|4150944403||ll_cache_miss_rd|240413248600|100.00||
   675.277374400|4257661669||ll_cache_miss_rd|247381076800|100.00||
   676.805376320|4214394241||ll_cache_miss_rd|244755698120|100.00||
   678.361159480|4278141969||ll_cache_miss_rd|248562790640|100.00||
   679.913225120|4277761013||ll_cache_miss_rd|248185672520|100.00||
   681.473303640|4279678269||ll_cache_miss_rd|248682194000|100.00||
   683.021289320|4283783504||ll_cache_miss_rd|248802015960|100.00||
   684.565170360|4258491314||ll_cache_miss_rd|247599844000|100.00||
   686.145312760|4316034895||ll_cache_miss_rd|250717540920|100.00||
   687.661273600|4144832965||ll_cache_miss_rd|240372191000|100.00||
   689.149189720|4179665598||ll_cache_miss_rd|242053073440|100.00||
   690.709215360|4280581009||ll_cache_miss_rd|248515559840|100.00||
   692.261203400|4286078775||ll_cache_miss_rd|248887373240|100.00||
   693.797185600|4224707083||ll_cache_miss_rd|244905541600|100.00||
   695.325218280|4222125213||ll_cache_miss_rd|244789191320|100.00||
   696.857232480|4208282611||ll_cache_miss_rd|244341817600|100.00||
   698.365250120|4112791153||ll_cache_miss_rd|238815439920|100.00||
   699.861287880|4220875423||ll_cache_miss_rd|245104924120|100.00||
   701.445102560|4326697392||ll_cache_miss_rd|250928282840|100.00||
   702.993316000|4263206708||ll_cache_miss_rd|247258736120|100.00||
   704.517293240|4180815321||ll_cache_miss_rd|242301739800|100.00||
   706.013278680|4192978340||ll_cache_miss_rd|243158753360|100.00||
   707.593231160|4343234431||ll_cache_miss_rd|251685980120|100.00||
   709.137363480|4231279485||ll_cache_miss_rd|245643585800|100.00||
   710.661294440|4181913073||ll_cache_miss_rd|243202368160|100.00||
   712.169268120|4223246168||ll_cache_miss_rd|244955286720|100.00||
   713.745239840|4264573781||ll_cache_miss_rd|247496929080|100.00||
   715.233233800|4130150201||ll_cache_miss_rd|240282263640|100.00||
   716.777351960|4264514899||ll_cache_miss_rd|247858971600|100.00||
   718.337279160|4313275962||ll_cache_miss_rd|250685283560|100.00||
   719.921285560|4321997262||ll_cache_miss_rd|251003950160|100.00||
   721.445414120|4219017938||ll_cache_miss_rd|244538497480|100.00||
   722.985215160|4178900360||ll_cache_miss_rd|242920952160|100.00||
   724.445175200|4055954765||ll_cache_miss_rd|235267152800|100.00||
   725.945291480|4179261361||ll_cache_miss_rd|242567278200|100.00||
   727.505362000|4272919718||ll_cache_miss_rd|248215501640|100.00||
   729.041282280|4247945865||ll_cache_miss_rd|246179349240|100.00||
   730.581208760|4245210174||ll_cache_miss_rd|246773978160|100.00||
   732.121296800|4246423709||ll_cache_miss_rd|246599978320|100.00||
   733.641280560|4177461059||ll_cache_miss_rd|242986521600|100.00||
   735.181347760|4267436281||ll_cache_miss_rd|247821621600|100.00||
   736.765257240|4337460424||ll_cache_miss_rd|251516780760|100.00||
   738.301266480|4285716188||ll_cache_miss_rd|248421569640|100.00||
   739.893207920|4334764065||ll_cache_miss_rd|251764196560|100.00||
   741.405273400|4181030538||ll_cache_miss_rd|242979905200|100.00||
   742.937247360|4239910589||ll_cache_miss_rd|246026703000|100.00||
   744.509373600|4311418891||ll_cache_miss_rd|249803895480|100.00||
   746.021285640|4199029926||ll_cache_miss_rd|243600272080|100.00||
   747.581284240|4244240991||ll_cache_miss_rd|246426738880|100.00||
   749.085283280|4174533515||ll_cache_miss_rd|242428325240|100.00||
   750.629248760|4260868531||ll_cache_miss_rd|247252739560|100.00||
   752.149407920|4189981667||ll_cache_miss_rd|243177249000|100.00||
   753.685241520|4237318170||ll_cache_miss_rd|245684201960|100.00||
   755.229363120|4277529621||ll_cache_miss_rd|247961544040|100.00||
   756.785323400|4276923512||ll_cache_miss_rd|248035167920|100.00||
   758.309306440|4190262032||ll_cache_miss_rd|243213239200|100.00||
   759.857274280|4302053251||ll_cache_miss_rd|249721149720|100.00||
   761.425420240|4286307822||ll_cache_miss_rd|249465132520|100.00||
   762.969291480|4257846354||ll_cache_miss_rd|246862140520|100.00||
   764.505256120|4221681948||ll_cache_miss_rd|244930832720|100.00||
   766.013351600|4165449814||ll_cache_miss_rd|242084350800|100.00||
   767.541340920|4197285930||ll_cache_miss_rd|244041499760|100.00||
   769.049322360|4158472614||ll_cache_miss_rd|241604139040|100.00||
   770.601209640|4287427866||ll_cache_miss_rd|248581075320|100.00||
   772.141216240|4251274814||ll_cache_miss_rd|246741785400|100.00||
   773.685380360|4259731396||ll_cache_miss_rd|247503115840|100.00||
   775.221291640|4230455478||ll_cache_miss_rd|245819858840|100.00||
   776.777205080|4296011869||ll_cache_miss_rd|249296608440|100.00||
   778.337300160|4294438049||ll_cache_miss_rd|248920134720|100.00||
   779.885280320|4231452027||ll_cache_miss_rd|245823118040|100.00||
   781.397330000|4176916263||ll_cache_miss_rd|242781722560|100.00||
   782.905309240|4161572804||ll_cache_miss_rd|241770669400|100.00||
   784.449265760|4238202057||ll_cache_miss_rd|246077302000|100.00||
   785.961355160|4179506000||ll_cache_miss_rd|242394834240|100.00||
   787.469369360|4157374745||ll_cache_miss_rd|240969609440|100.00||
   788.997298480|4212858676||ll_cache_miss_rd|244729631680|100.00||
   790.505318800|4142587734||ll_cache_miss_rd|240946720360|100.00||
   792.049220720|4257763064||ll_cache_miss_rd|247177800080|100.00||
   793.585320520|4258653799||ll_cache_miss_rd|246960080720|100.00||
   795.141253160|4243595429||ll_cache_miss_rd|246011744680|100.00||
   796.625398200|4145954516||ll_cache_miss_rd|240514951320|100.00||
   798.153340560|4187864439||ll_cache_miss_rd|243199212720|100.00||
   799.681278800|4246091465||ll_cache_miss_rd|246526863360|100.00||
   801.249390520|4322443715||ll_cache_miss_rd|250762331360|100.00||
   802.797263120|4254589464||ll_cache_miss_rd|246355315920|100.00||
   804.333376200|4205277939||ll_cache_miss_rd|244164581000|100.00||
   805.825413240|4165606835||ll_cache_miss_rd|241467728040|100.00||
   807.381305200|4269040017||ll_cache_miss_rd|247879452120|100.00||
   808.893307480|4145316321||ll_cache_miss_rd|240639011600|100.00||
   810.409254160|4187422425||ll_cache_miss_rd|243075061400|100.00||
   811.917294920|4169654664||ll_cache_miss_rd|242497028520|100.00||
   813.453254920|4197596269||ll_cache_miss_rd|243459447800|100.00||
   814.965269640|4200260213||ll_cache_miss_rd|243640738640|100.00||
   816.489271360|4198826054||ll_cache_miss_rd|243847225880|100.00||
   818.021249040|4202714274||ll_cache_miss_rd|243794623320|100.00||
   819.529199040|4203763869||ll_cache_miss_rd|244441301840|100.00||
   821.089343440|4291000773||ll_cache_miss_rd|248976249680|100.00||
   822.633402120|4223226077||ll_cache_miss_rd|245297550920|100.00||
   824.133307080|4172483797||ll_cache_miss_rd|242285627720|100.00||
   825.713246040|4326516801||ll_cache_miss_rd|251209200480|100.00||
   827.253208240|4223610995||ll_cache_miss_rd|244990449560|100.00||
   828.757444040|4196289576||ll_cache_miss_rd|243815453160|100.00||
   830.321144200|4276874123||ll_cache_miss_rd|247974109040|100.00||
   831.877267960|4273542945||ll_cache_miss_rd|248275275080|100.00||
   833.377215520|4152814773||ll_cache_miss_rd|241237614040|100.00||
   834.913280880|4222388309||ll_cache_miss_rd|244815551360|100.00||
   836.429243600|4188548511||ll_cache_miss_rd|242660151160|100.00||
   837.945337080|4172907154||ll_cache_miss_rd|242593902200|100.00||
   839.481307440|4229053417||ll_cache_miss_rd|245883631320|100.00||
   841.005307800|4202075704||ll_cache_miss_rd|244188953960|100.00||
   842.545163240|4256123918||ll_cache_miss_rd|246895611560|100.00||
   844.085288320|4286171397||ll_cache_miss_rd|248921596880|100.00||
   845.665371920|4291336139||ll_cache_miss_rd|248807447360|100.00||
   847.181224360|4167078181||ll_cache_miss_rd|242099317280|100.00||
   848.689295760|4168199939||ll_cache_miss_rd|241851444640|100.00||
   850.189322760|4133969730||ll_cache_miss_rd|239992141560|100.00||
   851.721220760|4204045603||ll_cache_miss_rd|243814703400|100.00||
   853.205329080|4141934775||ll_cache_miss_rd|240056184240|100.00||
   854.737327200|4208758861||ll_cache_miss_rd|244338297040|100.00||
   856.281323960|4249359936||ll_cache_miss_rd|246313148120|100.00||
   857.793412680|4175045154||ll_cache_miss_rd|242177658760|100.00||
   859.301233800|4176139774||ll_cache_miss_rd|242394528520|100.00||
   860.833363800|4231334714||ll_cache_miss_rd|245707956640|100.00||
   862.373322360|4221009483||ll_cache_miss_rd|245263975520|100.00||
   863.909219680|4218690384||ll_cache_miss_rd|244827709240|100.00||
   865.393339160|4118769357||ll_cache_miss_rd|238704868600|100.00||
   866.929325520|4230388718||ll_cache_miss_rd|245493487720|100.00||
   868.465382200|4262734097||ll_cache_miss_rd|247966297960|100.00||
   870.033427080|4253341056||ll_cache_miss_rd|246977702920|100.00||
   871.513221640|4142059164||ll_cache_miss_rd|240973539840|100.00||
   873.093227560|4302057353||ll_cache_miss_rd|249847435120|100.00||
   874.617224280|4229231232||ll_cache_miss_rd|244843005560|100.00||
   876.141441080|4182201282||ll_cache_miss_rd|242993379080|100.00||
   877.653320160|4182665376||ll_cache_miss_rd|243223297840|100.00||
   879.185313160|4167520563||ll_cache_miss_rd|241969445520|100.00||
   880.661322880|4141201735||ll_cache_miss_rd|240602562760|100.00||
   882.229356800|4286342087||ll_cache_miss_rd|248415877320|100.00||
   883.745264720|4146378929||ll_cache_miss_rd|240194864400|100.00||
   885.237316840|4164032413||ll_cache_miss_rd|241759736320|100.00||
   886.761290560|4172406591||ll_cache_miss_rd|242039764840|100.00||
   888.257261760|4122907422||ll_cache_miss_rd|239642747560|100.00||
   889.749228040|4168246735||ll_cache_miss_rd|242255942760|100.00||
   891.325261640|4287706738||ll_cache_miss_rd|249000820920|100.00||
   892.849258520|4203681105||ll_cache_miss_rd|243955278600|100.00||
   894.361427760|4208137199||ll_cache_miss_rd|244084492600|100.00||
   895.929309600|4287601853||ll_cache_miss_rd|249013755480|100.00||
   897.465244400|4206329594||ll_cache_miss_rd|244507602440|100.00||
   898.989325320|4243221266||ll_cache_miss_rd|246311912000|100.00||
   900.533162520|4250723552||ll_cache_miss_rd|246746230880|100.00||
   902.089135920|4275737821||ll_cache_miss_rd|247775516560|100.00||
   903.597199920|4182891810||ll_cache_miss_rd|242708039640|100.00||
   905.153379200|4305273981||ll_cache_miss_rd|249865894560|100.00||
   906.745236080|4401160483||ll_cache_miss_rd|255381792040|100.00||
   908.325291880|4318937061||ll_cache_miss_rd|250668091720|100.00||
   909.865241720|4230356533||ll_cache_miss_rd|245224652560|100.00||
   911.365176040|4128873604||ll_cache_miss_rd|240082826960|100.00||
   912.873417840|4172160875||ll_cache_miss_rd|242283959240|100.00||
   914.389250920|4163731854||ll_cache_miss_rd|241368747160|100.00||
   915.905243480|4188926316||ll_cache_miss_rd|243147424320|100.00||
   917.425237480|4215542737||ll_cache_miss_rd|244329185680|100.00||
   918.977302560|4268383118||ll_cache_miss_rd|248228647440|100.00||
   920.537424000|4343033738||ll_cache_miss_rd|252217732200|100.00||
   922.113132520|4287464612||ll_cache_miss_rd|249187149560|100.00||
   923.661285560|4277168291||ll_cache_miss_rd|248150836120|100.00||
   925.201408880|4230803855||ll_cache_miss_rd|245796730760|100.00||
   926.725362280|4204680474||ll_cache_miss_rd|244135030320|100.00||
   928.265295520|4307781159||ll_cache_miss_rd|250143256320|100.00||
   929.865310720|4298308047||ll_cache_miss_rd|249883334760|100.00||
   931.381295320|4199158666||ll_cache_miss_rd|243749307120|100.00||
   932.881271120|4145657051||ll_cache_miss_rd|240122388320|100.00||
   934.389344000|4179318689||ll_cache_miss_rd|242141049920|100.00||
   935.905326080|4206118086||ll_cache_miss_rd|244184295280|100.00||
   937.453301880|4191218748||ll_cache_miss_rd|243529407080|100.00||
   938.937467920|4107993383||ll_cache_miss_rd|238844079120|100.00||
   940.469250880|4273041662||ll_cache_miss_rd|248052175240|100.00||
   942.029501120|4262568694||ll_cache_miss_rd|247286006080|100.00||
   943.581336720|4299958476||ll_cache_miss_rd|249781118520|100.00||
   945.137383720|4259711964||ll_cache_miss_rd|247216796520|100.00||
   946.661385160|4198260114||ll_cache_miss_rd|243918412480|100.00||
   948.177253280|4165486691||ll_cache_miss_rd|241869416680|100.00||
   949.689399120|4206882132||ll_cache_miss_rd|244422840880|100.00||
   951.257239280|4325108026||ll_cache_miss_rd|250734538400|100.00||
   952.829358920|4319769441||ll_cache_miss_rd|250475711000|100.00||
   954.373279440|4235172163||ll_cache_miss_rd|246177685920|100.00||
   955.865344560|4089950058||ll_cache_miss_rd|237137328160|100.00||
   957.353304240|4128119595||ll_cache_miss_rd|239134959880|100.00||
   958.873338360|4201300432||ll_cache_miss_rd|244004938080|100.00||
   960.385224800|4146527959||ll_cache_miss_rd|240586200080|100.00||
   961.877278720|4146955340||ll_cache_miss_rd|240676573880|100.00||
   963.421289840|4269463148||ll_cache_miss_rd|247705878640|100.00||
   964.961329120|4231246147||ll_cache_miss_rd|246199182160|100.00||
   966.513298600|4298174618||ll_cache_miss_rd|248919691320|100.00||
   968.061328600|4236493036||ll_cache_miss_rd|246014994800|100.00||
   969.601245600|4259975410||ll_cache_miss_rd|247444604400|100.00||
   971.145329040|4230357269||ll_cache_miss_rd|245835119160|100.00||
   972.661319440|4191323801||ll_cache_miss_rd|243047291040|100.00||
   974.189233840|4191141941||ll_cache_miss_rd|243809646880|100.00||
   975.709275040|4210533419||ll_cache_miss_rd|244274808920|100.00||
   977.237278040|4218140995||ll_cache_miss_rd|245109407840|100.00||
   978.805245040|4306878853||ll_cache_miss_rd|250134457040|100.00||
   980.345284720|4235435259||ll_cache_miss_rd|246018973200|100.00||
   981.861286000|4202191142||ll_cache_miss_rd|243651852440|100.00||
   983.401260520|4273102949||ll_cache_miss_rd|248049217360|100.00||
   984.985274200|4331227785||ll_cache_miss_rd|251044771080|100.00||
   986.513404160|4215036738||ll_cache_miss_rd|244512217680|100.00||
   988.061343000|4275227093||ll_cache_miss_rd|248397083960|100.00||
   989.613237680|4250973782||ll_cache_miss_rd|246986276200|100.00||
   991.137332840|4179885789||ll_cache_miss_rd|242475519640|100.00||
   992.629340480|4130651691||ll_cache_miss_rd|239760261040|100.00||
   994.161189240|4222657238||ll_cache_miss_rd|245223830320|100.00||
   995.685255760|4210229633||ll_cache_miss_rd|244352617080|100.00||
   997.197319360|4155593553||ll_cache_miss_rd|241719820240|100.00||
   998.721361480|4204539558||ll_cache_miss_rd|243890706480|100.00||
  1000.245341000|4196535877||ll_cache_miss_rd|243950105480|100.00||
  1001.761298240|4185368042||ll_cache_miss_rd|242633339760|100.00||
  1003.289357240|4225890642||ll_cache_miss_rd|245138299720|100.00||
  1004.849292520|4283877958||ll_cache_miss_rd|248732539880|100.00||
  1006.377285920|4225112961||ll_cache_miss_rd|245181618760|100.00||
  1007.905181080|4276589277||ll_cache_miss_rd|247868651040|100.00||
  1009.521367320|4394175193||ll_cache_miss_rd|254602691560|100.00||
  1011.045317120|4213159876||ll_cache_miss_rd|244120864440|100.00||
  1012.597312000|4250986238||ll_cache_miss_rd|247027262960|100.00||
  1014.097256120|4200874520||ll_cache_miss_rd|243785271040|100.00||
  1015.677345960|4309528193||ll_cache_miss_rd|250701105400|100.00||
  1017.221293680|4217515360||ll_cache_miss_rd|244404047480|100.00||
  1018.709282160|4155553484||ll_cache_miss_rd|241267047200|100.00||
  1020.257330920|4243749371||ll_cache_miss_rd|246311697600|100.00||
  1021.777223880|4185369021||ll_cache_miss_rd|243117929520|100.00||
  1023.289260360|4162986100||ll_cache_miss_rd|242063894040|100.00||
  1024.817385920|4190303702||ll_cache_miss_rd|243528994080|100.00||
  1026.333280640|4179704374||ll_cache_miss_rd|242961630960|100.00||
  1027.857343840|4198902232||ll_cache_miss_rd|243911655200|100.00||
  1029.381339600|4236054422||ll_cache_miss_rd|246071970800|100.00||
  1030.957343000|4322799031||ll_cache_miss_rd|250435908800|100.00||
  1032.477340640|4187368539||ll_cache_miss_rd|243038636440|100.00||
  1033.997164760|4188505509||ll_cache_miss_rd|243001568440|100.00||
  1035.517268240|4174938041||ll_cache_miss_rd|242550502000|100.00||
  1037.029303800|4194829291||ll_cache_miss_rd|243733618240|100.00||
  1038.565345640|4215300465||ll_cache_miss_rd|244547572560|100.00||
  1040.093358560|4226989322||ll_cache_miss_rd|245319464680|100.00||
  1041.617282320|4221127139||ll_cache_miss_rd|245116812200|100.00||
  1043.189305760|4300760501||ll_cache_miss_rd|249733120160|100.00||
  1044.705258320|4152343115||ll_cache_miss_rd|240849993160|100.00||
  1046.193260200|4139738649||ll_cache_miss_rd|240531110600|100.00||
  1047.737209440|4250749307||ll_cache_miss_rd|246977228000|100.00||
  1049.273279960|4215144878||ll_cache_miss_rd|244756148080|100.00||
  1050.781199920|4176115433||ll_cache_miss_rd|242442802240|100.00||
  1052.325274400|4211122540||ll_cache_miss_rd|244175628440|100.00||
  1053.793298280|4071661480||ll_cache_miss_rd|236410791920|100.00||
  1055.301234720|4172286798||ll_cache_miss_rd|242132474800|100.00||
  1056.837269520|4209493326||ll_cache_miss_rd|244482619520|100.00||
  1058.345285160|4173058201||ll_cache_miss_rd|241481898280|100.00||
  1059.861406960|4231560817||ll_cache_miss_rd|245586637560|100.00||
  1061.417275680|4249596244||ll_cache_miss_rd|246529151080|100.00||
  1062.953156400|4250527619||ll_cache_miss_rd|246393072560|100.00||
  1064.513348160|4320528191||ll_cache_miss_rd|250927468960|100.00||
  1066.061352200|4237615200||ll_cache_miss_rd|246330362200|100.00||
  1067.585299240|4175701003||ll_cache_miss_rd|242312511320|100.00||
  1069.077295320|4147040146||ll_cache_miss_rd|240025766160|100.00||
  1070.617304320|4260304981||ll_cache_miss_rd|247472026800|100.00||
  1072.177392280|4270102029||ll_cache_miss_rd|248237179000|100.00||
  1073.697295400|4172613942||ll_cache_miss_rd|242545984360|100.00||
  1075.201290480|4144441291||ll_cache_miss_rd|240936380320|100.00||
  1076.713285320|4139770703||ll_cache_miss_rd|240676908240|100.00||
  1078.205274760|4127705308||ll_cache_miss_rd|239592272960|100.00||
  1079.705297120|4178696493||ll_cache_miss_rd|242637938040|100.00||
  1081.257139960|4256064960||ll_cache_miss_rd|246922706640|100.00||
  1082.789307040|4240429361||ll_cache_miss_rd|245597230200|100.00||
  1084.329333640|4212202457||ll_cache_miss_rd|244706932960|100.00||
  1085.849211920|4216147097||ll_cache_miss_rd|245121606800|100.00||
  1087.397308040|4244793342||ll_cache_miss_rd|246558163840|100.00||
  1088.929337320|4230692671||ll_cache_miss_rd|245587916080|100.00||
  1090.453253080|4186774420||ll_cache_miss_rd|242524482800|100.00||
  1091.957240960|4157114104||ll_cache_miss_rd|241271417000|100.00||
  1093.477308680|4183603702||ll_cache_miss_rd|242898529200|100.00||
  1094.993437000|4206416143||ll_cache_miss_rd|244111680240|100.00||
  1096.537253360|4254093094||ll_cache_miss_rd|247163926840|100.00||
  1098.073322600|4220058273||ll_cache_miss_rd|245030207040|100.00||
  1099.605323560|4232150731||ll_cache_miss_rd|246010580000|100.00||
  1101.161331760|4247625127||ll_cache_miss_rd|246323251320|100.00||
  1102.645153280|4124459626||ll_cache_miss_rd|239324176200|100.00||
  1104.169401720|4172828488||ll_cache_miss_rd|242420789920|100.00||
  1105.681318400|4173080724||ll_cache_miss_rd|241823789720|100.00||
  1107.177299920|4158086972||ll_cache_miss_rd|241347644160|100.00||
  1108.729312520|4261736545||ll_cache_miss_rd|246957740720|100.00||
  1110.253296080|4204550573||ll_cache_miss_rd|243864620640|100.00||
  1111.773222320|4209527929||ll_cache_miss_rd|243887923120|100.00||
  1113.321278360|4279399039||ll_cache_miss_rd|248707251520|100.00||
  1114.861398560|4249388289||ll_cache_miss_rd|246517275760|100.00||
  1116.413275720|4253084068||ll_cache_miss_rd|247184381400|100.00||
  1117.953323040|4217325454||ll_cache_miss_rd|244274605680|100.00||
  1119.461406280|4181826494||ll_cache_miss_rd|242879808440|100.00||
  1121.005274600|4242461119||ll_cache_miss_rd|246207346600|100.00||
  1122.521261400|4200509010||ll_cache_miss_rd|244056657200|100.00||
  1124.041359240|4176882642||ll_cache_miss_rd|242941510640|100.00||
  1125.573277880|4192828073||ll_cache_miss_rd|243615934720|100.00||
  1127.077368560|4183780889||ll_cache_miss_rd|243402628240|100.00||
  1128.641319880|4298712178||ll_cache_miss_rd|249310059200|100.00||
  1130.173375600|4221944965||ll_cache_miss_rd|244900249840|100.00||
  1131.721459200|4219489607||ll_cache_miss_rd|244747230160|100.00||
  1133.205182000|4112505674||ll_cache_miss_rd|238929263560|100.00||
  1134.713207400|4164749018||ll_cache_miss_rd|241582975960|100.00||
  1136.225325320|4145848495||ll_cache_miss_rd|241011039480|100.00||
  1137.721269760|4152615635||ll_cache_miss_rd|241373947680|100.00||
  1139.265305680|4252209993||ll_cache_miss_rd|246881647200|100.00||
  1140.785267680|4224148187||ll_cache_miss_rd|244921863360|100.00||
  1142.337283200|4259702658||ll_cache_miss_rd|246950669040|100.00||
  1143.873236640|4232351320||ll_cache_miss_rd|245410086080|100.00||
  1145.425225880|4267734337||ll_cache_miss_rd|247926640600|100.00||
  1146.945318000|4178523403||ll_cache_miss_rd|242871392320|100.00||
  1148.461344360|4178908520||ll_cache_miss_rd|242468865720|100.00||
  1149.969234400|4163212012||ll_cache_miss_rd|241580912400|100.00||
  1151.485284360|4203863125||ll_cache_miss_rd|243958471200|100.00||
  1153.033285920|4252756638||ll_cache_miss_rd|246923332000|100.00||
  1154.557230480|4172388784||ll_cache_miss_rd|241944514800|100.00||
  1156.045447840|4120736390||ll_cache_miss_rd|239014414240|100.00||
  1157.557258000|4178391685||ll_cache_miss_rd|242741988000|100.00||
  1159.097163600|4253772238||ll_cache_miss_rd|246538606960|100.00||
  1160.645266520|4241541322||ll_cache_miss_rd|246374547680|100.00||
  1162.173228480|4209410762||ll_cache_miss_rd|244108778000|100.00||
  1163.669226360|4139755238||ll_cache_miss_rd|240410355920|100.00||
  1165.217211040|4279796964||ll_cache_miss_rd|248372045120|100.00||
  1166.749235760|4192691726||ll_cache_miss_rd|243324679120|100.00||
  1168.253285000|4166239680||ll_cache_miss_rd|242126812520|100.00||
  1169.765197920|4141374568||ll_cache_miss_rd|240379455480|100.00||
  1171.281230280|4162807199||ll_cache_miss_rd|241483056800|100.00||
  1172.761399080|4150582078||ll_cache_miss_rd|241006019920|100.00||
  1174.321419560|4273707693||ll_cache_miss_rd|248707974400|100.00||
  1175.865266800|4239049635||ll_cache_miss_rd|246471378600|100.00||
  1177.409201360|4242236361||ll_cache_miss_rd|246072244720|100.00||
  1178.893169320|4067413209||ll_cache_miss_rd|236148573000|100.00||
  1180.389236360|4175907886||ll_cache_miss_rd|242158655080|100.00||
  1181.921320680|4189478774||ll_cache_miss_rd|243308634400|100.00||
  1183.441246560|4221175082||ll_cache_miss_rd|245212736160|100.00||
  1184.997293360|4285272581||ll_cache_miss_rd|249214689680|100.00||
  1186.525292240|4232692590||ll_cache_miss_rd|245572698840|100.00||
  1188.073330760|4217209238||ll_cache_miss_rd|245012209280|100.00||
  1189.597230840|4217171787||ll_cache_miss_rd|244807726160|100.00||
  1191.133278000|4222454505||ll_cache_miss_rd|245144634400|100.00||
  1192.661349360|4192679433||ll_cache_miss_rd|243508950960|100.00||
  1194.169254040|4187272199||ll_cache_miss_rd|242723935560|100.00||
  1195.709336080|4230806541||ll_cache_miss_rd|245415317960|100.00||
  1197.241341840|4205107652||ll_cache_miss_rd|244523113080|100.00||
  1198.757226000|4229035110||ll_cache_miss_rd|245139730400|100.00||
  1200.333357520|4322000722||ll_cache_miss_rd|251045785040|100.00||
  1201.857215480|4196563271||ll_cache_miss_rd|243262491080|100.00||
  1203.397310200|4240714591||ll_cache_miss_rd|246079020760|100.00||
  1204.905296840|4157432499||ll_cache_miss_rd|241369689440|100.00||
  1206.430176200|4214298216||ll_cache_miss_rd|244388465680|100.00||
  1207.953142200|4179764531||ll_cache_miss_rd|242600940080|100.00||
  1209.449333920|4159162665||ll_cache_miss_rd|241322689440|100.00||
  1210.981213280|4175251453||ll_cache_miss_rd|242545035200|100.00||
  1212.477214880|4130581180||ll_cache_miss_rd|239557491600|100.00||
  1213.965230480|4145970382||ll_cache_miss_rd|240785522640|100.00||
  1215.505280200|4235271669||ll_cache_miss_rd|245591372400|100.00||
  1217.041418880|4237240895||ll_cache_miss_rd|246229862000|100.00||
  1218.573269080|4235040530||ll_cache_miss_rd|246136305560|100.00||
  1220.121180120|4216973904||ll_cache_miss_rd|244836452080|100.00||
  1221.649236520|4242113528||ll_cache_miss_rd|245938632720|100.00||
  1223.177296520|4208916103||ll_cache_miss_rd|244542977040|100.00||
  1224.701240200|4189891945||ll_cache_miss_rd|243410674600|100.00||
  1226.237245960|4226220890||ll_cache_miss_rd|245353786800|100.00||
  1227.753186800|4181566915||ll_cache_miss_rd|242559753920|100.00||
  1229.269330000|4139804602||ll_cache_miss_rd|240423644200|100.00||
  1230.745249200|4109414360||ll_cache_miss_rd|238411596600|100.00||
  1232.261190440|4183584534||ll_cache_miss_rd|242901073560|100.00||
  1233.789351760|4212894539||ll_cache_miss_rd|244750061240|100.00||
  1235.325179760|4231638186||ll_cache_miss_rd|246023111360|100.00||
  1236.865249240|4242358417||ll_cache_miss_rd|246385871360|100.00||
  1238.409349320|4221239273||ll_cache_miss_rd|245012500360|100.00||
  1239.905285760|4175470157||ll_cache_miss_rd|241963597680|100.00||
  1241.449229520|4216649921||ll_cache_miss_rd|245332314840|100.00||
  1242.981309600|4245709486||ll_cache_miss_rd|246312396240|100.00||
  1244.537371880|4270574603||ll_cache_miss_rd|248125753280|100.00||
  1246.061297840|4228960235||ll_cache_miss_rd|245278854840|100.00||
  1247.617204360|4270457359||ll_cache_miss_rd|248150298720|100.00||
  1249.157306880|4211288767||ll_cache_miss_rd|244163169200|100.00||
  1250.661283000|4175072383||ll_cache_miss_rd|242332973920|100.00||
  1252.177306240|4222860952||ll_cache_miss_rd|244448463160|100.00||
  1253.757269480|4282370182||ll_cache_miss_rd|248962914480|100.00||
  1255.233267360|4097476470||ll_cache_miss_rd|237368510200|100.00||
  1256.757234280|4195531025||ll_cache_miss_rd|243531674560|100.00||
  1258.241272520|4158417768||ll_cache_miss_rd|241495348960|100.00||
  1259.825300440|4294038532||ll_cache_miss_rd|249105847080|100.00||
  1261.313377880|4119713754||ll_cache_miss_rd|239351268840|100.00||
  1262.833167600|4186915697||ll_cache_miss_rd|242759655560|100.00||
  1264.349219640|4143738677||ll_cache_miss_rd|240272482200|100.00||
  1265.805175840|4082098296||ll_cache_miss_rd|237265875000|100.00||
  1267.365260280|4285332848||ll_cache_miss_rd|248904468680|100.00||
  1268.905318160|4222474030||ll_cache_miss_rd|245372244880|100.00||
  1270.417326920|4152299526||ll_cache_miss_rd|241054782360|100.00||
  1271.933277400|4222836858||ll_cache_miss_rd|245091873240|100.00||
  1273.481310000|4223244165||ll_cache_miss_rd|245271010320|100.00||
  1274.993264760|4187536322||ll_cache_miss_rd|242968694320|100.00||
  1276.525402640|4253573930||ll_cache_miss_rd|246766175800|100.00||
  1278.089262160|4296543042||ll_cache_miss_rd|249698637440|100.00||
  1279.637315040|4264946500||ll_cache_miss_rd|247436916240|100.00||
  1281.173235480|4259697964||ll_cache_miss_rd|247758025400|100.00||
  1282.749216360|4305339266||ll_cache_miss_rd|249977606080|100.00||
  1284.313281600|4311965681||ll_cache_miss_rd|250607082320|100.00||
  1285.865288440|4232458088||ll_cache_miss_rd|245856108400|100.00||
  1287.337367640|4062235252||ll_cache_miss_rd|236209516960|100.00||
  1288.861462000|4255610171||ll_cache_miss_rd|246887938600|100.00||
  1290.421367160|4247064331||ll_cache_miss_rd|246507990120|100.00||
  1291.929286600|4135621109||ll_cache_miss_rd|240330061720|100.00||
  1293.433169520|4169369629||ll_cache_miss_rd|241954065800|100.00||
  1294.965167280|4255670472||ll_cache_miss_rd|246854317000|100.00||
  1296.513370520|4284592683||ll_cache_miss_rd|249182053280|100.00||
  1298.089294960|4296823755||ll_cache_miss_rd|248693222960|100.00||
  1299.593303360|4139487837||ll_cache_miss_rd|239981082600|100.00||
  1301.109241760|4241927676||ll_cache_miss_rd|246286557840|100.00||
  1302.681194520|4274124305||ll_cache_miss_rd|247932523080|100.00||
  1304.189246400|4168287840||ll_cache_miss_rd|241539276760|100.00||
  1305.681314520|4130905242||ll_cache_miss_rd|239841924040|100.00||
  1307.221171280|4213266285||ll_cache_miss_rd|244652400480|100.00||
  1308.709301600|4126923342||ll_cache_miss_rd|239467763000|100.00||
  1310.241476160|4205130286||ll_cache_miss_rd|244068783440|100.00||
  1311.745180520|4195916625||ll_cache_miss_rd|243291487840|100.00||
  1313.289280920|4239746233||ll_cache_miss_rd|245979164720|100.00||
  1314.837216760|4251614353||ll_cache_miss_rd|246923150400|100.00||
  1316.357300680|4193520570||ll_cache_miss_rd|243656884360|100.00||
  1317.897321400|4228259968||ll_cache_miss_rd|245438396320|100.00||
  1319.425193560|4253595930||ll_cache_miss_rd|247484528000|100.00||
  1320.989317800|4259996258||ll_cache_miss_rd|247562451680|100.00||
  1322.513406600|4226677873||ll_cache_miss_rd|245009464040|100.00||
  1324.037345800|4179167180||ll_cache_miss_rd|242493742240|100.00||
  1325.549180440|4160452202||ll_cache_miss_rd|241306359680|100.00||
  1327.045250160|4123918947||ll_cache_miss_rd|239423536440|100.00||
  1328.537339720|4134056706||ll_cache_miss_rd|240029755600|100.00||
  1330.057323920|4173278365||ll_cache_miss_rd|242039821600|100.00||
  1331.545280720|4123462690||ll_cache_miss_rd|239915827920|100.00||
  1333.073320520|4224318573||ll_cache_miss_rd|245615731640|100.00||
  1334.645326440|4247937131||ll_cache_miss_rd|246724667280|100.00||
  1336.109246760|4054038362||ll_cache_miss_rd|235657340880|100.00||
  1337.609286760|4187996122||ll_cache_miss_rd|243312372920|100.00||
  1339.165269040|4258380596||ll_cache_miss_rd|246971517120|100.00||
  1340.693290680|4182028573||ll_cache_miss_rd|243045391040|100.00||
  1342.185400560|4129776610||ll_cache_miss_rd|239360406560|100.00||
  1343.689331360|4172212651||ll_cache_miss_rd|242220610080|100.00||
  1345.233319000|4249718260||ll_cache_miss_rd|246941835040|100.00||
  1346.769319560|4223964568||ll_cache_miss_rd|245416918600|100.00||
  1348.289343200|4169904890||ll_cache_miss_rd|241560205360|100.00||
  1349.777262200|4111338760||ll_cache_miss_rd|238738033960|100.00||
  1351.305393400|4215745578||ll_cache_miss_rd|244588320760|100.00||
  1352.825367560|4196808226||ll_cache_miss_rd|243156673520|100.00||
  1354.330014440|4145756623||ll_cache_miss_rd|240605049400|100.00||
  1355.837346400|4185086878||ll_cache_miss_rd|242991164720|100.00||
  1357.373407840|4215367852||ll_cache_miss_rd|244580755440|100.00||
  1358.893312360|4163492299||ll_cache_miss_rd|241944059640|100.00||
  1360.377307760|4127941606||ll_cache_miss_rd|239193357800|100.00||
  1361.905300440|4227626970||ll_cache_miss_rd|245403807160|100.00||
  1363.449195000|4233384320||ll_cache_miss_rd|245892465840|100.00||
  1364.993176320|4263244169||ll_cache_miss_rd|247466956800|100.00||
  1366.533308160|4229914473||ll_cache_miss_rd|245480635480|100.00||
  1368.065239400|4215989680||ll_cache_miss_rd|244996385360|100.00||
  1369.577310920|4227188643||ll_cache_miss_rd|245831900520|100.00||
  1371.157260320|4322515498||ll_cache_miss_rd|251063866400|100.00||
  1372.721243600|4294137799||ll_cache_miss_rd|249251034240|100.00||
  1374.257237560|4220458104||ll_cache_miss_rd|244428836000|100.00||
  1375.773285160|4174700202||ll_cache_miss_rd|242446350320|100.00||
  1377.293300640|4246631255||ll_cache_miss_rd|246375053000|100.00||
  1378.857349240|4273717085||ll_cache_miss_rd|248120449520|100.00||
  1380.393371560|4264195154||ll_cache_miss_rd|247944834360|100.00||
  1381.961399800|4254463979||ll_cache_miss_rd|247146184000|100.00||
  1383.461325800|4126995825||ll_cache_miss_rd|239845623720|100.00||
  1384.961317160|4135901028||ll_cache_miss_rd|240469801480|100.00||
  1386.465276360|4152589980||ll_cache_miss_rd|241298914360|100.00||
  1388.001284040|4263297799||ll_cache_miss_rd|247430335600|100.00||
  1389.565380680|4284142162||ll_cache_miss_rd|248896658160|100.00||
  1391.081296400|4158971637||ll_cache_miss_rd|241752378600|100.00||
  1392.593269440|4192518781||ll_cache_miss_rd|242900632240|100.00||
  1394.121213720|4201477720||ll_cache_miss_rd|243945156480|100.00||
  1395.641306520|4196018451||ll_cache_miss_rd|243301711480|100.00||
  1397.157388320|4179181571||ll_cache_miss_rd|242888668440|100.00||
  1398.717253200|4285887805||ll_cache_miss_rd|248530287800|100.00||
  1400.233342320|4189319782||ll_cache_miss_rd|243374516200|100.00||
  1401.753306640|4192478985||ll_cache_miss_rd|243109662480|100.00||
  1403.265319960|4156378976||ll_cache_miss_rd|240845966280|100.00||
  1404.765307400|4168240515||ll_cache_miss_rd|241849624040|100.00||
  1406.313313400|4238702960||ll_cache_miss_rd|246021227040|100.00||
  1407.809308640|4152418803||ll_cache_miss_rd|241002764240|100.00||
  1409.378011480|4308388358||ll_cache_miss_rd|249975823080|100.00||
  1410.885213680|4158516090||ll_cache_miss_rd|241073262520|100.00||
  1412.417216440|4163691541||ll_cache_miss_rd|241946977160|100.00||
  1413.857291040|4019050051||ll_cache_miss_rd|233549366120|100.00||
  1415.389317040|4262021632||ll_cache_miss_rd|247330525880|100.00||
  1416.933189200|4239772548||ll_cache_miss_rd|246191417280|100.00||
  1418.461266720|4186161521||ll_cache_miss_rd|243520421240|100.00||
  1419.957182520|4125651800||ll_cache_miss_rd|239591015040|100.00||
  1421.489235160|4222876297||ll_cache_miss_rd|245254138960|100.00||
  1423.017147160|4223237762||ll_cache_miss_rd|244952498480|100.00||
  1424.537288240|4205428853||ll_cache_miss_rd|243651303040|100.00||
  1426.073462200|4220981882||ll_cache_miss_rd|244998517680|100.00||
  1427.609241440|4253747388||ll_cache_miss_rd|246659666360|100.00||
  1429.161241680|4286951204||ll_cache_miss_rd|249270448120|100.00||
  1430.745234400|4317377577||ll_cache_miss_rd|251126246840|100.00||
  1432.245290400|4128557234||ll_cache_miss_rd|239673895920|100.00||
  1433.761208040|4166090303||ll_cache_miss_rd|242212920640|100.00||
  1435.277333720|4210869130||ll_cache_miss_rd|244906679280|100.00||
  1436.809327240|4222152179||ll_cache_miss_rd|244922571360|100.00||
  1438.369262240|4275403319||ll_cache_miss_rd|247926646120|100.00||
  1439.889396960|4219407504||ll_cache_miss_rd|245328823000|100.00||
  1441.457288160|4291445386||ll_cache_miss_rd|248967672160|100.00||
  1442.981247160|4187941157||ll_cache_miss_rd|243020751640|100.00||
  1444.493287160|4212778904||ll_cache_miss_rd|244033332800|100.00||
  1446.033345160|4236448116||ll_cache_miss_rd|246213278920|100.00||
  1447.589278120|4290742824||ll_cache_miss_rd|248932739280|100.00||
  1449.117335800|4202360043||ll_cache_miss_rd|244012677080|100.00||
  1450.657346520|4249901125||ll_cache_miss_rd|246822339400|100.00||
  1452.197216480|4254467512||ll_cache_miss_rd|246883367360|100.00||
  1453.764874640|4305060164||ll_cache_miss_rd|249371907600|100.00||
  1455.301271040|4209175256||ll_cache_miss_rd|244181202200|100.00||
  1456.805293200|4176895870||ll_cache_miss_rd|242061258240|100.00||
  1458.301383360|4105561025||ll_cache_miss_rd|238347337640|100.00||
  1459.809231360|4135729889||ll_cache_miss_rd|240200553160|100.00||
  1461.297394800|4127906261||ll_cache_miss_rd|239509297920|100.00||
  1462.805344880|4156293856||ll_cache_miss_rd|241326409080|100.00||
  1464.325190760|4220448212||ll_cache_miss_rd|245027875440|100.00||
  1465.857134960|4214040993||ll_cache_miss_rd|244651958440|100.00||
  1467.393327680|4204916387||ll_cache_miss_rd|244330615320|100.00||
  1468.921317880|4271840305||ll_cache_miss_rd|248326579960|100.00||
  1470.509216640|4323961581||ll_cache_miss_rd|250963978560|100.00||
  1472.033337040|4228049389||ll_cache_miss_rd|245678979600|100.00||
  1473.589355920|4264630140||ll_cache_miss_rd|247345079960|100.00||
  1475.117268120|4172118989||ll_cache_miss_rd|241817477480|100.00||
  1476.585169400|4076743361||ll_cache_miss_rd|236385603800|100.00||
  1478.073188600|4136079368||ll_cache_miss_rd|240132463600|100.00||
  1479.597190880|4182175168||ll_cache_miss_rd|242589535240|100.00||
  1481.113414080|4178571091||ll_cache_miss_rd|243126843280|100.00||
  1482.633224640|4179773176||ll_cache_miss_rd|242505038800|100.00||
  1484.149184160|4169394463||ll_cache_miss_rd|242266659360|100.00||
  1485.677190040|4250574077||ll_cache_miss_rd|246845292720|100.00||
  1487.233245640|4257460634||ll_cache_miss_rd|246978688920|100.00||
  1488.741298680|4172859467||ll_cache_miss_rd|242500362920|100.00||
  1490.293272520|4252413991||ll_cache_miss_rd|247058152440|100.00||
  1491.817388680|4217491574||ll_cache_miss_rd|244115983640|100.00||
  1493.317303640|4140297920||ll_cache_miss_rd|240574858640|100.00||
  1494.849257840|4205674391||ll_cache_miss_rd|244384599720|100.00||
  1496.365231440|4177341703||ll_cache_miss_rd|242598294960|100.00||
  1497.869212280|4153085509||ll_cache_miss_rd|240864948160|100.00||
  1499.381261680|4168574048||ll_cache_miss_rd|242196319040|100.00||
  1500.917410480|4220759551||ll_cache_miss_rd|245368492800|100.00||
  1502.449252480|4237456007||ll_cache_miss_rd|245588491280|100.00||
  1503.973091520|4208524410||ll_cache_miss_rd|244439264760|100.00||
  1505.517329600|4263859645||ll_cache_miss_rd|247169159760|100.00||
  1507.085325160|4317426675||ll_cache_miss_rd|250118813880|100.00||
  1508.613372080|4222997087||ll_cache_miss_rd|245184200680|100.00||
  1510.173300040|4284432524||ll_cache_miss_rd|248788802760|100.00||
  1511.697316160|4197516907||ll_cache_miss_rd|243510910400|100.00||
  1513.225271200|4234681566||ll_cache_miss_rd|245956008240|100.00||
  1514.769228240|4214956764||ll_cache_miss_rd|244673579280|100.00||
  1516.273254760|4157123074||ll_cache_miss_rd|241192942960|100.00||
  1517.781250400|4147445886||ll_cache_miss_rd|241182722160|100.00||
  1519.293368080|4206911740||ll_cache_miss_rd|244455873560|100.00||
  1520.857350840|4314540930||ll_cache_miss_rd|250349056760|100.00||
  1522.437246720|4308981474||ll_cache_miss_rd|250322524760|100.00||
  1523.937323640|4143537640||ll_cache_miss_rd|240513289920|100.00||
  1525.473262160|4214144823||ll_cache_miss_rd|244420245280|100.00||
  1526.969227560|4202484124||ll_cache_miss_rd|243667735440|100.00||
  1528.545396800|4312306440||ll_cache_miss_rd|250569739120|100.00||
  1530.105317600|4246395581||ll_cache_miss_rd|246580588040|100.00||
  1531.605217240|4149077847||ll_cache_miss_rd|241307920640|100.00||
  1533.113201880|4181065726||ll_cache_miss_rd|242903899880|100.00||
  1534.661315160|4236756091||ll_cache_miss_rd|246296539960|100.00||
  1536.213274920|4273118108||ll_cache_miss_rd|248259062520|100.00||
  1537.745132160|4194390522||ll_cache_miss_rd|243382903320|100.00||
  1539.217176400|4081358096||ll_cache_miss_rd|236896136560|100.00||
  1540.737271880|4242023413||ll_cache_miss_rd|245897264520|100.00||
  1542.281362640|4195958810||ll_cache_miss_rd|243572246920|100.00||
  1543.773252560|4127685721||ll_cache_miss_rd|239708083080|100.00||
  1545.289352600|4193481618||ll_cache_miss_rd|243525332360|100.00||
  1546.817333920|4209734716||ll_cache_miss_rd|244610846640|100.00||
  1548.365289800|4287116053||ll_cache_miss_rd|248411201960|100.00||
  1549.909333440|4206351009||ll_cache_miss_rd|244535663280|100.00||
  1551.417269880|4182081065||ll_cache_miss_rd|243057472720|100.00||
  1552.961291680|4235855345||ll_cache_miss_rd|245747407240|100.00||
  1554.469238400|4147862830||ll_cache_miss_rd|240584392640|100.00||
  1555.965343520|4124148713||ll_cache_miss_rd|238961352840|100.00||
  1557.469308840|4173104350||ll_cache_miss_rd|242252181480|100.00||
  1558.989250000|4242197474||ll_cache_miss_rd|246201449880|100.00||
  1560.569265440|4300255935||ll_cache_miss_rd|249234304360|100.00||
  1562.097339400|4211937027||ll_cache_miss_rd|244277007840|100.00||
  1563.609199200|4173473886||ll_cache_miss_rd|242529374840|100.00||
  1565.133310400|4185193767||ll_cache_miss_rd|242868853480|100.00||
  1566.633228680|4160635736||ll_cache_miss_rd|241395614440|100.00||
  1568.153300200|4186491611||ll_cache_miss_rd|243342918680|100.00||
  1569.689197240|4235706816||ll_cache_miss_rd|246048766520|100.00||
  1571.225243160|4218675240||ll_cache_miss_rd|244711176120|100.00||
  1572.761262320|4246560789||ll_cache_miss_rd|246536750480|100.00||
  1574.301339080|4218049437||ll_cache_miss_rd|244565814200|100.00||
  1575.801326680|4175464340||ll_cache_miss_rd|242391538520|100.00||
  1577.333213600|4211806698||ll_cache_miss_rd|243988451480|100.00||
  1578.865229480|4194724102||ll_cache_miss_rd|243979263880|100.00||
  1580.369274440|4132429428||ll_cache_miss_rd|239900906760|100.00||
  1581.861196600|4115686970||ll_cache_miss_rd|239417548600|100.00||
  1583.365150800|4144667646||ll_cache_miss_rd|241019603720|100.00||
  1584.849254440|4090152649||ll_cache_miss_rd|237480990880|100.00||
  1586.349300960|4159682430||ll_cache_miss_rd|241329608440|100.00||
  1587.881256520|4201634254||ll_cache_miss_rd|243709255240|100.00||
  1589.377300640|4107392871||ll_cache_miss_rd|238648997840|100.00||
  1590.881283680|4146852654||ll_cache_miss_rd|240634744280|100.00||
  1592.373258960|4106438106||ll_cache_miss_rd|238664230280|100.00||
  1593.865316200|4119407799||ll_cache_miss_rd|238792582760|100.00||
  1595.369317240|4199452153||ll_cache_miss_rd|244045430160|100.00||
  1596.949228760|4323292399||ll_cache_miss_rd|250781384640|100.00||
  1598.445205760|4128635327||ll_cache_miss_rd|239482212000|100.00||
  1599.965338760|4209898952||ll_cache_miss_rd|244781363000|100.00||
  1601.505210640|4245338685||ll_cache_miss_rd|246760311920|100.00||
  1603.073205200|4295378191||ll_cache_miss_rd|248967210760|100.00||
  1604.609282720|4248711878||ll_cache_miss_rd|246591985680|100.00||
  1606.145235800|4212567619||ll_cache_miss_rd|244627205080|100.00||
  1607.673184200|4179981099||ll_cache_miss_rd|242625527320|100.00||
  1609.145410600|4122268277||ll_cache_miss_rd|238974323720|100.00||
  1610.681245240|4211913973||ll_cache_miss_rd|244458615480|100.00||
  1612.201416600|4202807700||ll_cache_miss_rd|243727599120|100.00||
  1613.709378520|4134998109||ll_cache_miss_rd|240259689920|100.00||
  1615.225216360|4157083129||ll_cache_miss_rd|241730477760|100.00||
  1616.729207800|4179214045||ll_cache_miss_rd|242138755240|100.00||
  1618.257277040|4187008414||ll_cache_miss_rd|243283671240|100.00||
  1619.773182160|4199296759||ll_cache_miss_rd|243753783760|100.00||
  1621.281263600|4131094516||ll_cache_miss_rd|239772556040|100.00||
  1622.765266080|4126730682||ll_cache_miss_rd|239292267920|100.00||
  1624.293240360|4206605570||ll_cache_miss_rd|244247863160|100.00||
  1625.821355960|4217263898||ll_cache_miss_rd|244883694680|100.00||
  1627.353265280|4190986343||ll_cache_miss_rd|243325451600|100.00||
  1628.845320720|4139605006||ll_cache_miss_rd|240308492320|100.00||
  1630.385390680|4219811812||ll_cache_miss_rd|245433180600|100.00||
  1631.921178400|4253412257||ll_cache_miss_rd|247033134800|100.00||
  1633.465306760|4221550364||ll_cache_miss_rd|245537488880|100.00||
  1634.981321040|4184847606||ll_cache_miss_rd|242831711800|100.00||
  1636.489261920|4128550208||ll_cache_miss_rd|239510753240|100.00||
  1637.985235080|4142162234||ll_cache_miss_rd|240559740120|100.00||
  1639.493295360|4143323130||ll_cache_miss_rd|240895501200|100.00||
  1641.005291040|4181649137||ll_cache_miss_rd|242842204720|100.00||
  1642.521251560|4205523061||ll_cache_miss_rd|244071869280|100.00||
  1644.065229360|4243258052||ll_cache_miss_rd|246621326400|100.00||
  1645.593400440|4195132018||ll_cache_miss_rd|243840561720|100.00||
  1647.121187760|4209223451||ll_cache_miss_rd|244032411680|100.00||
  1648.637326240|4189359112||ll_cache_miss_rd|243432267160|100.00||
  1650.185176640|4235022247||ll_cache_miss_rd|246126473960|100.00||
  1651.689183960|4148010272||ll_cache_miss_rd|240699783280|100.00||
  1653.209291520|4246178869||ll_cache_miss_rd|246104232280|100.00||
  1654.769230200|4294264459||ll_cache_miss_rd|249394257840|100.00||
  1656.341467320|4338612648||ll_cache_miss_rd|251977873440|100.00||
  1657.901321360|4273946643||ll_cache_miss_rd|248116214040|100.00||
  1659.421343560|4164965415||ll_cache_miss_rd|241672779120|100.00||
  1660.937191440|4206652533||ll_cache_miss_rd|244180468440|100.00||
  1662.469238560|4222829038||ll_cache_miss_rd|244733313520|100.00||
  1664.005371520|4207136821||ll_cache_miss_rd|244410094160|100.00||
  1665.517320800|4159631352||ll_cache_miss_rd|241782030240|100.00||
  1667.005336640|4144691584||ll_cache_miss_rd|240423918040|100.00||
  1668.565189160|4284387080||ll_cache_miss_rd|248768203000|100.00||
  1670.101331840|4226472565||ll_cache_miss_rd|245196993520|100.00||
  1671.621301880|4200761048||ll_cache_miss_rd|243811720520|100.00||
  1673.145197840|4204926189||ll_cache_miss_rd|244053443880|100.00||
  1674.677335240|4171754798||ll_cache_miss_rd|242061977360|100.00||
  1676.161276960|4110740165||ll_cache_miss_rd|238822492000|100.00||
  1677.645270760|4136518875||ll_cache_miss_rd|240005757400|100.00||
  1679.173244400|4191256205||ll_cache_miss_rd|243259971080|100.00||
  1680.725309000|4282537680||ll_cache_miss_rd|249223520440|100.00||
  1682.285384200|4266675142||ll_cache_miss_rd|247898068160|100.00||
  1683.785281560|4169429589||ll_cache_miss_rd|241793387480|100.00||
  1685.333325160|4259914181||ll_cache_miss_rd|247134621800|100.00||
  1686.865191680|4239549150||ll_cache_miss_rd|246462882720|100.00||
  1688.445277680|4363401142||ll_cache_miss_rd|253519972640|100.00||
  1690.005402960|4222378356||ll_cache_miss_rd|245166629640|100.00||
  1691.509274400|4192614507||ll_cache_miss_rd|243285971000|100.00||
  1693.065279520|4280180881||ll_cache_miss_rd|248601144680|100.00||
  1694.597389120|4216401385||ll_cache_miss_rd|244771552160|100.00||
  1696.149288800|4322086910||ll_cache_miss_rd|250788361240|100.00||
  1697.737220560|4403045910||ll_cache_miss_rd|255889267880|100.00||
  1699.329268920|4325858417||ll_cache_miss_rd|250843298000|100.00||
  1700.873246920|4245815841||ll_cache_miss_rd|246634513600|100.00||
  1702.393271520|4212483294||ll_cache_miss_rd|244342728640|100.00||
  1703.941293600|4215038847||ll_cache_miss_rd|244312727600|100.00||
  1705.417197440|4095847373||ll_cache_miss_rd|237881700960|100.00||
  1706.937271560|4195930514||ll_cache_miss_rd|243672572720|100.00||
  1708.469310840|4188186661||ll_cache_miss_rd|243147050400|100.00||
  1709.965304400|4138835370||ll_cache_miss_rd|240277416560|100.00||
  1711.481435000|4191726626||ll_cache_miss_rd|243374877520|100.00||
  1712.989355920|4139656910||ll_cache_miss_rd|240169293960|100.00||
  1714.493332240|4166567754||ll_cache_miss_rd|241766203720|100.00||
  1716.033290760|4289194134||ll_cache_miss_rd|249047005480|100.00||
  1717.581171880|4194383206||ll_cache_miss_rd|243315611800|100.00||
  1719.097215920|4205184466||ll_cache_miss_rd|243917440600|100.00||
  1720.613245520|4184421302||ll_cache_miss_rd|242956811160|100.00||
  1722.117408560|4188878026||ll_cache_miss_rd|243060812520|100.00||
  1723.689256640|4317844344||ll_cache_miss_rd|250298398640|100.00||
  1725.249314360|4241058815||ll_cache_miss_rd|246259038960|100.00||
  1726.701245440|4025749321||ll_cache_miss_rd|234062368960|100.00||
  1728.209303200|4176891703||ll_cache_miss_rd|242400299600|100.00||
  1729.749247120|4215993223||ll_cache_miss_rd|244805203400|100.00||
  1731.265309800|4162422888||ll_cache_miss_rd|241719349160|100.00||
  1732.749254640|4128297578||ll_cache_miss_rd|239513873880|100.00||
  1734.277282720|4215881711||ll_cache_miss_rd|244607535360|100.00||
  1735.809372360|4218854977||ll_cache_miss_rd|244936282760|100.00||
  1737.345314880|4220077141||ll_cache_miss_rd|245228943280|100.00||
  1738.853215400|4135277629||ll_cache_miss_rd|240250578960|100.00||
  1740.357230400|4191250483||ll_cache_miss_rd|243215807920|100.00||
  1741.897257840|4216612955||ll_cache_miss_rd|245146957160|100.00||
  1743.409319920|4162258288||ll_cache_miss_rd|241326719720|100.00||
  1744.925406680|4150298882||ll_cache_miss_rd|241062415080|100.00||
  1746.417291680|4150085987||ll_cache_miss_rd|241053200320|100.00||
  1747.941344440|4213485964||ll_cache_miss_rd|244432332280|100.00||
  1749.497282160|4263403479||ll_cache_miss_rd|247697047920|100.00||
  1751.025222320|4234184974||ll_cache_miss_rd|245850758960|100.00||
  1752.573331200|4252643345||ll_cache_miss_rd|246839722440|100.00||
  1754.097267080|4212584124||ll_cache_miss_rd|244421633000|100.00||
  1755.649345320|4272178012||ll_cache_miss_rd|248001187080|100.00||
  1757.185238680|4222152773||ll_cache_miss_rd|244980635840|100.00||
  1758.721235000|4240575168||ll_cache_miss_rd|245992842640|100.00||
  1760.253184360|4216609185||ll_cache_miss_rd|244980746760|100.00||
  1761.797278400|4244642612||ll_cache_miss_rd|246610419520|100.00||
  1763.301208800|4174944549||ll_cache_miss_rd|242274193040|100.00||
  1764.845311760|4242875611||ll_cache_miss_rd|245770635880|100.00||
  1766.357262240|4162430317||ll_cache_miss_rd|241549434440|100.00||
  1767.877334280|4196051861||ll_cache_miss_rd|243576997120|100.00||
  1769.385209680|4183702839||ll_cache_miss_rd|242622541240|100.00||
  1770.937255880|4263005679||ll_cache_miss_rd|247493826000|100.00||
  1772.469351160|4250610180||ll_cache_miss_rd|246384633240|100.00||
  1774.013289200|4203444548||ll_cache_miss_rd|244063003320|100.00||
  1775.501313000|4106244737||ll_cache_miss_rd|238466614600|100.00||
  1777.013327440|4175874989||ll_cache_miss_rd|242676310480|100.00||
  1778.521239320|4132710683||ll_cache_miss_rd|239893459000|100.00||
  1780.005276080|4126756911||ll_cache_miss_rd|239389418960|100.00||
  1781.521298320|4215574346||ll_cache_miss_rd|244510863360|100.00||
  1783.061400520|4231259756||ll_cache_miss_rd|245945921680|100.00||
  1784.593354800|4197371910||ll_cache_miss_rd|243311846320|100.00||
  1786.125368360|4230637416||ll_cache_miss_rd|245858905000|100.00||
  1787.653388920|4215798894||ll_cache_miss_rd|244938480360|100.00||
  1789.193331400|4219484928||ll_cache_miss_rd|245106962440|100.00||
  1790.701282400|4164287773||ll_cache_miss_rd|241667117640|100.00||
  1792.249392200|4286095722||ll_cache_miss_rd|248873077560|100.00||
  1793.801303960|4231931670||ll_cache_miss_rd|245491878080|100.00||
  1795.277372240|4118058766||ll_cache_miss_rd|239365545360|100.00||
  1796.853211400|4325727031||ll_cache_miss_rd|250733923680|100.00||
  1798.373267520|4190907917||ll_cache_miss_rd|243319258080|100.00||
  1799.905298000|4236114244||ll_cache_miss_rd|246043451320|100.00||
  1801.453310640|4215274542||ll_cache_miss_rd|244836872760|100.00||
  1802.933271920|4112690372||ll_cache_miss_rd|238811307360|100.00||
  1804.473204880|4247138147||ll_cache_miss_rd|246491230120|100.00||
  1806.009232640|4205300433||ll_cache_miss_rd|244219833760|100.00||
  1807.497236240|4113645174||ll_cache_miss_rd|238489179000|100.00||
  1809.025197240|4172764183||ll_cache_miss_rd|242504347920|100.00||
  1810.485289560|4081622878||ll_cache_miss_rd|236957115040|100.00||
  1812.033273160|4254352607||ll_cache_miss_rd|246960263240|100.00||
  1813.553246760|4203378173||ll_cache_miss_rd|244051797800|100.00||
  1815.077320120|4159895309||ll_cache_miss_rd|241336306000|100.00||
  1816.573444440|4174783032||ll_cache_miss_rd|242039305320|100.00||
  1818.109311240|4230382333||ll_cache_miss_rd|245597989120|100.00||
  1819.657189360|4284969838||ll_cache_miss_rd|248170347080|100.00||
  1821.225199160|4283376474||ll_cache_miss_rd|248637061640|100.00||
  1822.737266760|4186843289||ll_cache_miss_rd|242922713080|100.00||
  1824.269337920|4224815647||ll_cache_miss_rd|245371914840|100.00||
  1825.801177520|4238295120||ll_cache_miss_rd|246128404120|100.00||
  1827.361202120|4289180316||ll_cache_miss_rd|249027796280|100.00||
  1828.893362720|4221772393||ll_cache_miss_rd|244612430160|100.00||
  1830.413369280|4213684081||ll_cache_miss_rd|244712297840|100.00||
  1831.981302320|4275477044||ll_cache_miss_rd|248303898920|100.00||
  1833.485338720|4117377604||ll_cache_miss_rd|239088775640|100.00||
  1834.965268200|4132655413||ll_cache_miss_rd|240086886760|100.00||
  1836.521219760|4269264145||ll_cache_miss_rd|247953230800|100.00||
  1838.041425360|4176198178||ll_cache_miss_rd|242863669000|100.00||
  1839.549397760|4187940001||ll_cache_miss_rd|243218496120|100.00||
  1841.085293040|4171210580||ll_cache_miss_rd|242176758120|100.00||
  1842.593244640|4207351244||ll_cache_miss_rd|244266415600|100.00||
  1844.161456120|4297877496||ll_cache_miss_rd|249770361640|100.00||
  1845.693183680|4212951481||ll_cache_miss_rd|244664238520|100.00||
  1847.213268080|4149511978||ll_cache_miss_rd|241017393280|100.00||
  1848.693347480|4128686345||ll_cache_miss_rd|239670765720|100.00||
  1850.213342680|4174215997||ll_cache_miss_rd|242404892280|100.00||
  1851.713355800|4132756011||ll_cache_miss_rd|240200325040|100.00||
  1853.261274960|4310473886||ll_cache_miss_rd|250259773040|100.00||
  1854.845336080|4309130826||ll_cache_miss_rd|250386504680|100.00||
  1856.353366800|4178556700||ll_cache_miss_rd|242295889200|100.00||
  1857.857246400|4133352109||ll_cache_miss_rd|240145061440|100.00||
  1859.365338280|4120865246||ll_cache_miss_rd|239231784000|100.00||
  1860.853352840|4153119641||ll_cache_miss_rd|241048826840|100.00||
  1862.377299440|4190963597||ll_cache_miss_rd|243538501360|100.00||
  1863.917298320|4283372814||ll_cache_miss_rd|248724094200|100.00||
  1865.469220440|4189824785||ll_cache_miss_rd|242828125880|100.00||
  1866.945213280|4141636813||ll_cache_miss_rd|240585050440|100.00||
  1868.497184760|4256147815||ll_cache_miss_rd|246485283080|100.00||
  1870.009292960|4168907142||ll_cache_miss_rd|241505705600|100.00||
  1871.537190920|4228906825||ll_cache_miss_rd|245100273560|100.00||
  1873.069291960|4249999186||ll_cache_miss_rd|246847283240|100.00||
  1874.609301240|4236283819||ll_cache_miss_rd|245940848960|100.00||
  1876.165270240|4245489982||ll_cache_miss_rd|246416555000|100.00||
  1877.665325200|4203499460||ll_cache_miss_rd|243748375120|100.00||
  1879.253225480|4364399015||ll_cache_miss_rd|253680942760|100.00||
  1880.801371400|4274867538||ll_cache_miss_rd|248202084720|100.00||
  1882.361228760|4264746442||ll_cache_miss_rd|247570434720|100.00||
  1883.909287000|4258745401||ll_cache_miss_rd|247054089360|100.00||
  1885.449263960|4234944858||ll_cache_miss_rd|246073695840|100.00||
  1886.953262040|4142558137||ll_cache_miss_rd|240708708040|100.00||
  1888.481307960|4228328877||ll_cache_miss_rd|245487035080|100.00||
  1890.009358360|4201643164||ll_cache_miss_rd|243978850680|100.00||
  1891.509308000|4140544064||ll_cache_miss_rd|240366386920|100.00||
  1893.065295600|4230629838||ll_cache_miss_rd|245732931560|100.00||
  1894.521254800|4079608331||ll_cache_miss_rd|237219052160|100.00||
  1896.077236400|4295401495||ll_cache_miss_rd|249432012080|100.00||
  1897.633318280|4237955255||ll_cache_miss_rd|246061132000|100.00||
  1899.125166520|4130199238||ll_cache_miss_rd|239756649920|100.00||
  1900.673240400|4250605097||ll_cache_miss_rd|247012938680|100.00||
  1902.205209560|4250248517||ll_cache_miss_rd|246904900240|100.00||
  1903.745325680|4219471277||ll_cache_miss_rd|245034947720|100.00||
  1905.277454760|4230581382||ll_cache_miss_rd|245414373640|100.00||
  1906.801301720|4195215866||ll_cache_miss_rd|243578364000|100.00||
  1908.325363600|4178233642||ll_cache_miss_rd|242783167240|100.00||
  1909.817419080|4112278569||ll_cache_miss_rd|238951283800|100.00||
  1911.313278800|4139284375||ll_cache_miss_rd|239964154120|100.00||
  1912.829264920|4201561099||ll_cache_miss_rd|243976010760|100.00||
  1914.377291000|4220305730||ll_cache_miss_rd|244657429080|100.00||
  1915.829328280|4046736789||ll_cache_miss_rd|234833530560|100.00||
  1917.357367400|4193477193||ll_cache_miss_rd|243471037960|100.00||
  1918.881187840|4216175193||ll_cache_miss_rd|244731398880|100.00||
  1920.417138600|4225412246||ll_cache_miss_rd|244692258760|100.00||
  1921.933281640|4197524429||ll_cache_miss_rd|243545674520|100.00||
  1923.453258040|4174982942||ll_cache_miss_rd|242515776880|100.00||
  1924.981347080|4232824958||ll_cache_miss_rd|245599131160|100.00||
  1926.521309040|4248501605||ll_cache_miss_rd|246543359640|100.00||
  1928.093329040|4307540113||ll_cache_miss_rd|250222123440|100.00||
  1929.601257680|4147224761||ll_cache_miss_rd|240977669920|100.00||
  1931.125400320|4227687665||ll_cache_miss_rd|245537134960|100.00||
  1932.673471360|4278794399||ll_cache_miss_rd|247810122000|100.00||
  1934.209341640|4213003899||ll_cache_miss_rd|244452567200|100.00||
  1935.733419240|4175944924||ll_cache_miss_rd|242786538640|100.00||
  1937.233235960|4194414361||ll_cache_miss_rd|243726675960|100.00||
  1938.817312520|4339514426||ll_cache_miss_rd|251988250840|100.00||
  1940.361395920|4236375322||ll_cache_miss_rd|246059191200|100.00||
  1941.889231400|4213956840||ll_cache_miss_rd|244763862160|100.00||
  1943.429172760|4267038672||ll_cache_miss_rd|247815851560|100.00||
  1944.989378560|4255024650||ll_cache_miss_rd|246943108080|100.00||
  1946.501328520|4164706559||ll_cache_miss_rd|242113892680|100.00||
  1948.009231280|4155380895||ll_cache_miss_rd|241303519520|100.00||
  1949.513288600|4155851823||ll_cache_miss_rd|241637494160|100.00||
  1951.049351040|4220624125||ll_cache_miss_rd|245169853960|100.00||
  1952.569275480|4216052229||ll_cache_miss_rd|244932955440|100.00||
  1954.121372360|4274763896||ll_cache_miss_rd|248026162720|100.00||
  1955.665157280|4249522552||ll_cache_miss_rd|246745391320|100.00||
  1957.225277640|4276325821||ll_cache_miss_rd|248454541640|100.00||
  1958.741315440|4178500417||ll_cache_miss_rd|242677020520|100.00||
  1960.257348760|4181752425||ll_cache_miss_rd|242838064960|100.00||
  1961.765414560|4151844657||ll_cache_miss_rd|240938108080|100.00||
  1963.297269640|4225917783||ll_cache_miss_rd|245135374920|100.00||
  1964.805300040|4163628981||ll_cache_miss_rd|241314880840|100.00||
  1966.337396520|4222743870||ll_cache_miss_rd|245230704040|100.00||
  1967.865308480|4194608838||ll_cache_miss_rd|243636331560|100.00||
  1969.365213360|4162205534||ll_cache_miss_rd|241660590400|100.00||
  1970.905230360|4256731004||ll_cache_miss_rd|246075843160|100.00||
  1972.441359920|4250808125||ll_cache_miss_rd|246009424360|100.00||
  1973.981289200|4227715223||ll_cache_miss_rd|245318789160|100.00||
  1975.497439920|4156121578||ll_cache_miss_rd|241255530400|100.00||
  1976.993095720|4169486070||ll_cache_miss_rd|242293023720|100.00||
  1978.534106440|4186743426||ll_cache_miss_rd|242960630200|100.00||
  1980.009265040|4107699985||ll_cache_miss_rd|238647054840|100.00||
  1981.541234760|4235619515||ll_cache_miss_rd|245653471760|100.00||
  1983.097202240|4289420321||ll_cache_miss_rd|248568422960|100.00||
  1984.633359920|4232787912||ll_cache_miss_rd|245546735200|100.00||
  1986.177217280|4248718486||ll_cache_miss_rd|247119195200|100.00||
  1987.705207440|4227715367||ll_cache_miss_rd|245656547680|100.00||
  1989.265312560|4273800437||ll_cache_miss_rd|248010984720|100.00||
  1990.793231000|4213017842||ll_cache_miss_rd|244618511960|100.00||
  1992.321285240|4256024985||ll_cache_miss_rd|247132150480|100.00||
  1993.893347480|4289113559||ll_cache_miss_rd|248901817720|100.00||
  1995.425227400|4208286798||ll_cache_miss_rd|244561529640|100.00||
  1996.941269320|4208753905||ll_cache_miss_rd|244551487160|100.00||
  1998.497355760|4283037256||ll_cache_miss_rd|248917319760|100.00||
  2000.033343760|4200660969||ll_cache_miss_rd|244017492000|100.00||
  2001.549320480|4168733487||ll_cache_miss_rd|242100533280|100.00||
  2003.061218440|4195904797||ll_cache_miss_rd|243743073560|100.00||
  2004.625415320|4359085488||ll_cache_miss_rd|252791297320|100.00||
  2006.213257080|4307846306||ll_cache_miss_rd|250421645720|100.00||
  2007.725240880|4181609879||ll_cache_miss_rd|242848780200|100.00||
  2009.261478840|4215157848||ll_cache_miss_rd|244831597880|100.00||
  2010.785225440|4220678624||ll_cache_miss_rd|245196118080|100.00||
  2012.325356560|4218321442||ll_cache_miss_rd|244635515920|100.00||
  2013.857329680|4230031385||ll_cache_miss_rd|245516649680|100.00||
  2015.393401080|4258980412||ll_cache_miss_rd|246838037440|100.00||
  2016.941382440|4256101211||ll_cache_miss_rd|247013073720|100.00||
  2018.461229600|4190461501||ll_cache_miss_rd|243348388080|100.00||
  2019.973308200|4127246170||ll_cache_miss_rd|239533460200|100.00||
  2021.457288840|4154137892||ll_cache_miss_rd|240704028320|100.00||
  2023.021306400|4283686763||ll_cache_miss_rd|248237652480|100.00||
  2024.525426520|4156687182||ll_cache_miss_rd|241162770120|100.00||
  2026.065225520|4218653982||ll_cache_miss_rd|245207557080|100.00||
  2027.553277440|4139964857||ll_cache_miss_rd|240237022520|100.00||
  2029.089237640|4213804227||ll_cache_miss_rd|244649715920|100.00||
  2030.601268920|4158685327||ll_cache_miss_rd|241246640040|100.00||
  2032.109296840|4170489082||ll_cache_miss_rd|241773540600|100.00||
  2033.621294440|4151368882||ll_cache_miss_rd|240819248720|100.00||
  2035.133128480|4203172496||ll_cache_miss_rd|244120213440|100.00||
  2036.689310840|4262084070||ll_cache_miss_rd|247710221960|100.00||
  2038.197378880|4196070430||ll_cache_miss_rd|243916422920|100.00||
  2039.741442640|4246293828||ll_cache_miss_rd|245946751080|100.00||
  2041.289264760|4240068637||ll_cache_miss_rd|246293717760|100.00||
  2042.813234520|4194159419||ll_cache_miss_rd|243544707040|100.00||
  2044.325339960|4146479959||ll_cache_miss_rd|240899044360|100.00||
  2045.805427760|4096467367||ll_cache_miss_rd|238276210080|100.00||
  2047.313265320|4169630180||ll_cache_miss_rd|242209833200|100.00||
  2048.845364000|4169004713||ll_cache_miss_rd|242090707840|100.00||
  2050.317294600|4075862519||ll_cache_miss_rd|236730211440|100.00||
  2051.813231040|4142219457||ll_cache_miss_rd|240797422480|100.00||
  2053.329307560|4190879996||ll_cache_miss_rd|243538102240|100.00||
  2054.889376640|4283979272||ll_cache_miss_rd|248609110600|100.00||
  2056.413377640|4169844062||ll_cache_miss_rd|242149355680|100.00||
  2057.905307960|4150998158||ll_cache_miss_rd|241251680400|100.00||
  2059.465283040|4260427370||ll_cache_miss_rd|247433355640|100.00||
  2060.969182160|4180303069||ll_cache_miss_rd|242619674400|100.00||
  2062.525249080|4307178645||ll_cache_miss_rd|249876958000|100.00||
  2064.077392200|4280731523||ll_cache_miss_rd|248023841720|100.00||
  2065.645332720|4289532670||ll_cache_miss_rd|249111684000|100.00||
  2067.173282800|4211151752||ll_cache_miss_rd|244202689680|100.00||
  2068.705362200|4218650108||ll_cache_miss_rd|245064201600|100.00||
  2070.217138240|4158576850||ll_cache_miss_rd|241335583040|100.00||
  2071.705199880|4096433515||ll_cache_miss_rd|237499731760|100.00||
  2073.201261760|4148589382||ll_cache_miss_rd|240402790040|100.00||
  2074.713342480|4151117227||ll_cache_miss_rd|241361043680|100.00||
  2076.193331120|4102368257||ll_cache_miss_rd|238355362360|100.00||
  2077.721416200|4232176196||ll_cache_miss_rd|245300698920|100.00||
  2079.273264000|4247814186||ll_cache_miss_rd|246983739560|100.00||
  2080.797193680|4213771913||ll_cache_miss_rd|244321615280|100.00||
  2082.317401680|4222590703||ll_cache_miss_rd|244921919720|100.00||
  2083.861245520|4211666338||ll_cache_miss_rd|244454784360|100.00||
  2085.385265960|4168921120||ll_cache_miss_rd|242271748640|100.00||
  2086.885213200|4192728693||ll_cache_miss_rd|243341043760|100.00||
  2088.449468960|4278641636||ll_cache_miss_rd|248091534120|100.00||
  2089.961299680|4213738622||ll_cache_miss_rd|244571577360|100.00||
  2091.501227960|4224204027||ll_cache_miss_rd|245062734760|100.00||
  2093.033374800|4211344729||ll_cache_miss_rd|244628933360|100.00||
  2094.553380560|4191648279||ll_cache_miss_rd|243802552000|100.00||
  2096.101302840|4236855417||ll_cache_miss_rd|246529084920|100.00||
  2097.633403440|4227462236||ll_cache_miss_rd|245458769040|100.00||
  2099.165318720|4212634483||ll_cache_miss_rd|244686133760|100.00||
  2100.677240360|4201646234||ll_cache_miss_rd|244281886680|100.00||
  2102.245284640|4348405433||ll_cache_miss_rd|252670094280|100.00||
  2103.837359440|4350218609||ll_cache_miss_rd|252933529640|100.00||
  2105.385283560|4244337334||ll_cache_miss_rd|246367571200|100.00||
  2106.937347320|4273312407||ll_cache_miss_rd|248120447160|100.00||
  2108.465437840|4207186100||ll_cache_miss_rd|244371665880|100.00||
  2109.993301880|4230871720||ll_cache_miss_rd|246019980200|100.00||
  2111.561208880|4309926119||ll_cache_miss_rd|250304415400|100.00||
  2113.129280840|4294497306||ll_cache_miss_rd|248686575280|100.00||
  2114.601330200|4057650951||ll_cache_miss_rd|235650155520|100.00||
  2116.113439400|4217491105||ll_cache_miss_rd|245017415040|100.00||
  2117.665361600|4235653665||ll_cache_miss_rd|245412109120|100.00||
  2119.173258840|4239215085||ll_cache_miss_rd|245924466240|100.00||
  2120.765226360|4309140568||ll_cache_miss_rd|250183480320|100.00||
  2122.289233960|4190998345||ll_cache_miss_rd|243168643320|100.00||
  2123.789333120|4237761572||ll_cache_miss_rd|245973942560|100.00||
  2125.413416920|4391357706||ll_cache_miss_rd|255161412120|100.00||
  2126.945358040|4222474511||ll_cache_miss_rd|245205950640|100.00||
  2128.449378320|4159529575||ll_cache_miss_rd|241456887280|100.00||
  2129.981306400|4193680919||ll_cache_miss_rd|243312700800|100.00||
  2131.497267960|4198337320||ll_cache_miss_rd|243370094920|100.00||
  2133.029262160|4230537497||ll_cache_miss_rd|245747968160|100.00||
  2134.565201480|4205079691||ll_cache_miss_rd|244288121840|100.00||
  2136.057274320|4134110166||ll_cache_miss_rd|239869297800|100.00||
  2137.597317040|4258845854||ll_cache_miss_rd|247315454040|100.00||
  2139.145282000|4226323693||ll_cache_miss_rd|244957560080|100.00||
  2140.649267440|4188246185||ll_cache_miss_rd|243021763440|100.00||
  2142.189241880|4243551291||ll_cache_miss_rd|246510674400|100.00||
  2143.745234920|4301503858||ll_cache_miss_rd|250042592120|100.00||
  2145.289359880|4254108139||ll_cache_miss_rd|247316910320|100.00||
  2146.869223680|4318616365||ll_cache_miss_rd|250861201440|100.00||
  2148.421206040|4291218274||ll_cache_miss_rd|249282547560|100.00||
  2149.953362840|4191055241||ll_cache_miss_rd|243454163120|100.00||
  2151.469285640|4142318718||ll_cache_miss_rd|240684834000|100.00||
  2152.937267280|4079979573||ll_cache_miss_rd|237287167080|100.00||
  2154.461255160|4203367582||ll_cache_miss_rd|244015350000|100.00||
  2155.973386040|4191802816||ll_cache_miss_rd|243339534720|100.00||
  2157.537294200|4315140614||ll_cache_miss_rd|250703746280|100.00||
  2159.101358720|4273575274||ll_cache_miss_rd|248202351280|100.00||
  2160.621348200|4211220697||ll_cache_miss_rd|244495258360|100.00||
  2162.165221880|4210106172||ll_cache_miss_rd|244559379720|100.00||
  2163.665436480|4169052964||ll_cache_miss_rd|241636136680|100.00||
  2165.205339120|4190562054||ll_cache_miss_rd|242972006480|100.00||
  2166.669050640|4100177281||ll_cache_miss_rd|237572301560|100.00||
  2168.193345600|4172100174||ll_cache_miss_rd|242104361920|100.00||
  2169.685341080|4132919810||ll_cache_miss_rd|240027413880|100.00||
  2171.189321920|4163896523||ll_cache_miss_rd|242089947600|100.00||
  2172.761332960|4285838982||ll_cache_miss_rd|248547354480|100.00||
  2174.241230320|4110778792||ll_cache_miss_rd|238736225880|100.00||
  2175.789305120|4262009141||ll_cache_miss_rd|247957242040|100.00||
  2177.309420000|4204710836||ll_cache_miss_rd|244389237560|100.00||
  2178.845213200|4205292423||ll_cache_miss_rd|243884961200|100.00||
  2180.365255320|4215122000||ll_cache_miss_rd|244663138800|100.00||
  2181.917309920|4270296558||ll_cache_miss_rd|247760223320|100.00||
  2183.465189120|4291381508||ll_cache_miss_rd|249382844120|100.00||
  2185.061243240|4365290902||ll_cache_miss_rd|253590418280|100.00||
  2186.593381880|4224435704||ll_cache_miss_rd|244930396000|100.00||
  2188.141280640|4242829995||ll_cache_miss_rd|245966276200|100.00||
  2189.641303840|4178883798||ll_cache_miss_rd|242917665960|100.00||
  2191.193336520|4244953786||ll_cache_miss_rd|246315028600|100.00||
  2192.717232000|4201096815||ll_cache_miss_rd|243772240320|100.00||
  2194.237134240|4161292293||ll_cache_miss_rd|242073865680|100.00||
  2195.745132400|4145105290||ll_cache_miss_rd|241096439640|100.00||
  2197.245243640|4187467064||ll_cache_miss_rd|243407200120|100.00||
  2198.805347280|4287296929||ll_cache_miss_rd|249073748960|100.00||
  2200.345354400|4255995976||ll_cache_miss_rd|247120803560|100.00||
  2201.917329960|4288361422||ll_cache_miss_rd|249433165840|100.00||
  2203.453298800|4219289915||ll_cache_miss_rd|245199884080|100.00||
  2204.953255480|4150379097||ll_cache_miss_rd|240815273200|100.00||
  2206.481350120|4212527736||ll_cache_miss_rd|244857674520|100.00||
  2208.037403240|4284768619||ll_cache_miss_rd|248885900120|100.00||
  2209.573270520|4222028065||ll_cache_miss_rd|244789044400|100.00||
  2211.097320560|4215461966||ll_cache_miss_rd|244940236200|100.00||
  2212.637293840|4220144489||ll_cache_miss_rd|245001025920|100.00||
  2214.157283960|4183078364||ll_cache_miss_rd|242482872800|100.00||
  2215.669324800|4187930631||ll_cache_miss_rd|243227968480|100.00||
  2217.173280600|4148435306||ll_cache_miss_rd|240821674320|100.00||
  2218.701280120|4201496688||ll_cache_miss_rd|243482045680|100.00||
  2220.208970480|4181517490||ll_cache_miss_rd|243150597760|100.00||
  2221.769257240|4278879171||ll_cache_miss_rd|248484724040|100.00||
  2223.277277640|4149112160||ll_cache_miss_rd|240956593720|100.00||
  2224.789404080|4171535791||ll_cache_miss_rd|242294466160|100.00||
  2226.321370960|4189044275||ll_cache_miss_rd|243198448480|100.00||
  2227.813289280|4132288537||ll_cache_miss_rd|240102419640|100.00||
  2229.325401680|4156308407||ll_cache_miss_rd|241220009120|100.00||
  2230.821242960|4140164648||ll_cache_miss_rd|239855156600|100.00||
  2232.309365320|4125660555||ll_cache_miss_rd|239855233880|100.00||
  2233.845219440|4254601080||ll_cache_miss_rd|246647335400|100.00||
  2235.417182520|4309030457||ll_cache_miss_rd|250275180200|100.00||
  2236.965219640|4294426178||ll_cache_miss_rd|248879700360|100.00||
  2238.521245200|4295724268||ll_cache_miss_rd|249201659040|100.00||
  2240.093390920|4309799216||ll_cache_miss_rd|250360285680|100.00||
  2241.625294960|4195902897||ll_cache_miss_rd|243720853920|100.00||
  2243.125308680|4140166724||ll_cache_miss_rd|240578906960|100.00||
  2244.653311760|4227948893||ll_cache_miss_rd|245787550560|100.00||
  2246.193363840|4179947539||ll_cache_miss_rd|242587371680|100.00||
  2247.669324320|4083897920||ll_cache_miss_rd|237386157760|100.00||
  2249.169279200|4161129325||ll_cache_miss_rd|241210228160|100.00||
  2250.689280120|4186614585||ll_cache_miss_rd|243262624760|100.00||
  2252.233255200|4238165133||ll_cache_miss_rd|246076149400|100.00||
  2253.749346480|4197314845||ll_cache_miss_rd|243943990800|100.00||
  2255.293305240|4273877708||ll_cache_miss_rd|247513176960|100.00||
  2256.833375720|4205517104||ll_cache_miss_rd|243679107600|100.00||
  2258.309273680|4475727042||ll_cache_miss_rd|259593685880|100.00||
  2260.113396440|6107146482||ll_cache_miss_rd|352879597080|100.00||
  2262.421162440|4897447374||ll_cache_miss_rd|283624387120|100.00||
  2263.941155520|4145933146||ll_cache_miss_rd|240225897360|100.00||
  2265.405262360|4079155362||ll_cache_miss_rd|236668671600|100.00||
  2266.909297640|4245433835||ll_cache_miss_rd|245981251640|100.00||
  2268.481260280|4204852287||ll_cache_miss_rd|243575225720|100.00||
  2269.953234760|4043666290||ll_cache_miss_rd|234445376560|100.00||
  2271.373251720|3932691453||ll_cache_miss_rd|228097623320|100.00||
  2272.821246880|4027937040||ll_cache_miss_rd|233398005920|100.00||
  2274.309206480|4074524287||ll_cache_miss_rd|235762674440|100.00||
  2275.761217560|4085440850||ll_cache_miss_rd|236487433320|100.00||
  2277.261397600|4146989875||ll_cache_miss_rd|239790320600|100.00||
  2278.765198360|4080626065||ll_cache_miss_rd|236022569160|100.00||
  2280.185223440|3946624186||ll_cache_miss_rd|228298207600|100.00||
  2281.629199960|3961298047||ll_cache_miss_rd|228985846760|100.00||
  2283.025176920|5089484877||ll_cache_miss_rd|296276613400|100.00||
  2285.114147920|5926806321||ll_cache_miss_rd|341619066120|100.00||
  2287.265265280|5836393015||ll_cache_miss_rd|337085370880|100.00||
  2289.365155440|5716870257||ll_cache_miss_rd|330095803880|100.00||
  2291.409372200|5693869591||ll_cache_miss_rd|329768683680|100.00||
  2292.579262840|3267913591||ll_cache_miss_rd|187553712600|100.00||
