     1.001070520|229612200||ll_cache_miss_rd|257649649840|100.00||
     2.021442240|150887048||ll_cache_miss_rd|163280303760|100.00||
     3.031051440|151244264||ll_cache_miss_rd|161548134560|100.00||
     4.039960600|1664726006||ll_cache_miss_rd|177683501440|100.00||
     5.517334600|3231951928||ll_cache_miss_rd|250182439880|100.00||
     7.202435680|5921014708||ll_cache_miss_rd|259086903080|100.00||
     8.765563960|5572906159||ll_cache_miss_rd|249147766440|100.00||
    10.301689920|5484612780||ll_cache_miss_rd|245124599200|100.00||
    11.869633880|5626211949||ll_cache_miss_rd|250902589840|100.00||
    13.413589720|5542829502||ll_cache_miss_rd|247574791080|100.00||
    14.969605400|5567825135||ll_cache_miss_rd|249193560640|100.00||
    16.529644360|5521561315||ll_cache_miss_rd|246454026720|100.00||
    18.021568760|5419553006||ll_cache_miss_rd|242011856320|100.00||
    19.573549920|5568318547||ll_cache_miss_rd|249417936600|100.00||
    21.137583920|5617728022||ll_cache_miss_rd|250900023600|100.00||
    22.729519000|5712550962||ll_cache_miss_rd|254979890240|100.00||
    24.329578080|5728598126||ll_cache_miss_rd|255712419800|100.00||
    25.913614360|5643772323||ll_cache_miss_rd|251665076320|100.00||
    27.441625280|5472428521||ll_cache_miss_rd|244167546320|100.00||
    28.985594800|5554382585||ll_cache_miss_rd|248016994440|100.00||
    30.565633320|5632127891||ll_cache_miss_rd|251058428000|100.00||
    32.077580520|5512883263||ll_cache_miss_rd|246048774240|100.00||
    33.669565800|5656585630||ll_cache_miss_rd|252189275760|100.00||
    35.229586960|5660514223||ll_cache_miss_rd|252479973440|100.00||
    36.837727960|5678055289||ll_cache_miss_rd|253023269080|100.00||
    38.377522160|5505566658||ll_cache_miss_rd|245901642360|100.00||
    39.921613840|5560629570||ll_cache_miss_rd|248011553760|100.00||
    41.489617960|5558307102||ll_cache_miss_rd|248306377320|100.00||
    42.981571840|5376323419||ll_cache_miss_rd|240163383040|100.00||
    44.509679760|5474601294||ll_cache_miss_rd|244725429280|100.00||
    46.037638120|5517272182||ll_cache_miss_rd|246429708480|100.00||
    47.617644760|5647566847||ll_cache_miss_rd|252162914440|100.00||
    49.181601680|5599342365||ll_cache_miss_rd|250059917640|100.00||
    50.729716000|5540308113||ll_cache_miss_rd|247444055560|100.00||
    52.297587680|5661123485||ll_cache_miss_rd|252620371080|100.00||
    53.877634920|5595954194||ll_cache_miss_rd|249786031200|100.00||
    55.401613240|5578533934||ll_cache_miss_rd|248668370240|100.00||
    57.029536080|5775230898||ll_cache_miss_rd|257677272920|100.00||
    58.585582160|5564091636||ll_cache_miss_rd|248484447880|100.00||
    60.157683920|5632786641||ll_cache_miss_rd|251424822200|100.00||
    61.697561080|5553674652||ll_cache_miss_rd|248022834880|100.00||
    63.273652680|5724101780||ll_cache_miss_rd|255768831080|100.00||
    64.945530600|5911396487||ll_cache_miss_rd|263964750400|100.00||
    66.505605400|5597720367||ll_cache_miss_rd|249941978920|100.00||
    68.081508560|5668331611||ll_cache_miss_rd|253106022920|100.00||
    69.665575960|5630734407||ll_cache_miss_rd|251236875160|100.00||
    71.209610080|5504080092||ll_cache_miss_rd|245716293000|100.00||
    72.733586560|5472393861||ll_cache_miss_rd|244277028800|100.00||
    74.265581520|5508235113||ll_cache_miss_rd|245717906440|100.00||
    75.817539360|5630653224||ll_cache_miss_rd|251179628160|100.00||
    77.381615800|5580496624||ll_cache_miss_rd|249147567040|100.00||
    78.977565000|5797480776||ll_cache_miss_rd|258326678000|100.00||
    80.605572520|5747751290||ll_cache_miss_rd|256276934960|100.00||
    82.157610400|5573129887||ll_cache_miss_rd|248603334280|100.00||
    83.725704200|5582611034||ll_cache_miss_rd|248884366320|100.00||
    85.265633240|5589168880||ll_cache_miss_rd|249404211360|100.00||
    86.857759440|5680307149||ll_cache_miss_rd|253118957000|100.00||
    88.433681520|5674909113||ll_cache_miss_rd|253242568880|100.00||
    89.997655440|5590468291||ll_cache_miss_rd|249656263320|100.00||
    91.573778640|5613401218||ll_cache_miss_rd|250298686720|100.00||
    93.141649280|5615892225||ll_cache_miss_rd|250545048560|100.00||
    94.685759000|5629961891||ll_cache_miss_rd|251727568080|100.00||
    96.273685480|5626771760||ll_cache_miss_rd|251102201960|100.00||
    97.849499720|5625073820||ll_cache_miss_rd|251259287640|100.00||
    99.377476160|5444008599||ll_cache_miss_rd|243046738920|100.00||
   100.885647040|5378433788||ll_cache_miss_rd|239731350040|100.00||
   102.377527440|5469871157||ll_cache_miss_rd|244509106680|100.00||
   103.981609440|5707033698||ll_cache_miss_rd|255162177240|100.00||
   105.545644640|5585048687||ll_cache_miss_rd|249307028440|100.00||
   107.097650960|5596423509||ll_cache_miss_rd|249938657440|100.00||
   108.693537000|5718990095||ll_cache_miss_rd|256014524400|100.00||
   110.273544800|5658533756||ll_cache_miss_rd|253002291720|100.00||
   111.857626960|5651614087||ll_cache_miss_rd|252256988320|100.00||
   113.429576280|5646528842||ll_cache_miss_rd|252041725400|100.00||
   115.013448800|5700913084||ll_cache_miss_rd|254602690360|100.00||
   116.597494200|5659684243||ll_cache_miss_rd|252707892960|100.00||
   118.185464280|5763165084||ll_cache_miss_rd|257514746240|100.00||
   119.841625000|5850898770||ll_cache_miss_rd|261325137840|100.00||
   121.409648400|5605061831||ll_cache_miss_rd|250043334640|100.00||
   122.977650680|5674013742||ll_cache_miss_rd|253254474320|100.00||
   124.565662240|5567885544||ll_cache_miss_rd|248442905880|100.00||
   126.077510520|5454448418||ll_cache_miss_rd|243403264640|100.00||
   127.617546520|5524920339||ll_cache_miss_rd|246535088000|100.00||
   129.153574440|5454360918||ll_cache_miss_rd|243502814520|100.00||
   130.649641200|5399949839||ll_cache_miss_rd|240926471240|100.00||
   132.197597160|5617368196||ll_cache_miss_rd|250810685560|100.00||
   133.769552680|5626425431||ll_cache_miss_rd|251065295720|100.00||
   135.337598640|5616017894||ll_cache_miss_rd|250604668800|100.00||
   136.897578840|5562651766||ll_cache_miss_rd|248020215400|100.00||
   138.449673240|5616296799||ll_cache_miss_rd|250782647680|100.00||
   140.025650680|5600357039||ll_cache_miss_rd|249900627320|100.00||
   141.573685280|5546601069||ll_cache_miss_rd|247657790120|100.00||
   143.121492560|5526702678||ll_cache_miss_rd|246678570720|100.00||
   144.661569120|5574022473||ll_cache_miss_rd|248638478480|100.00||
   146.233748720|5572526233||ll_cache_miss_rd|248956113480|100.00||
   147.749678280|5485669300||ll_cache_miss_rd|244788466960|100.00||
   149.313523600|5578000122||ll_cache_miss_rd|249170546880|100.00||
   150.853695400|5552798018||ll_cache_miss_rd|247832586760|100.00||
   152.413629240|5607255433||ll_cache_miss_rd|250286600400|100.00||
   153.997507160|5626206793||ll_cache_miss_rd|251341767640|100.00||
   155.529540360|5519404945||ll_cache_miss_rd|246340650480|100.00||
   157.089534000|5562481254||ll_cache_miss_rd|248257016480|100.00||
   158.645498040|5715914666||ll_cache_miss_rd|255179248920|100.00||
   160.297636080|5956945682||ll_cache_miss_rd|265866138600|100.00||
   161.961521480|5870229812||ll_cache_miss_rd|262212368440|100.00||
   163.581704600|5777621912||ll_cache_miss_rd|257822544840|100.00||
   165.169593960|5657243721||ll_cache_miss_rd|252623956600|100.00||
   166.717625160|5520360330||ll_cache_miss_rd|246398223840|100.00||
   168.261657320|5596724780||ll_cache_miss_rd|249844948400|100.00||
   169.849650560|5636784436||ll_cache_miss_rd|251431371600|100.00||
   171.381569040|5546778660||ll_cache_miss_rd|247559555240|100.00||
   172.957656360|5633343633||ll_cache_miss_rd|251439313800|100.00||
   174.541586400|5684376113||ll_cache_miss_rd|253496742000|100.00||
   176.109667560|5600501428||ll_cache_miss_rd|249910385680|100.00||
   177.633560360|5520697951||ll_cache_miss_rd|246507404720|100.00||
   179.241572960|5772777958||ll_cache_miss_rd|257623163000|100.00||
   180.873612760|5766126797||ll_cache_miss_rd|257204917840|100.00||
   182.417591400|5585257737||ll_cache_miss_rd|249255702280|100.00||
   183.981632760|5553832534||ll_cache_miss_rd|247831540320|100.00||
   185.509551160|5469419928||ll_cache_miss_rd|244273930640|100.00||
   187.041626840|5605066073||ll_cache_miss_rd|250145916520|100.00||
   188.665803440|5781170815||ll_cache_miss_rd|257668372520|100.00||
   190.245485640|5630408695||ll_cache_miss_rd|251269920560|100.00||
   191.781494360|5452465009||ll_cache_miss_rd|243617974040|100.00||
   193.297574080|5502387047||ll_cache_miss_rd|245606797800|100.00||
   194.857663280|5515233714||ll_cache_miss_rd|246377867640|100.00||
   196.385575880|5518998927||ll_cache_miss_rd|246413083760|100.00||
   197.929724440|5544988118||ll_cache_miss_rd|247809696440|100.00||
   199.501694760|5691906785||ll_cache_miss_rd|253926966120|100.00||
   201.105513120|5685037617||ll_cache_miss_rd|253965867800|100.00||
   202.653566120|5526591077||ll_cache_miss_rd|246868180240|100.00||
   204.169754480|5415271164||ll_cache_miss_rd|241832293440|100.00||
   205.697624960|5593776110||ll_cache_miss_rd|249644849560|100.00||
   207.325663840|5764732410||ll_cache_miss_rd|257171108200|100.00||
   208.881540600|5663337209||ll_cache_miss_rd|252904871280|100.00||
   210.517603760|5805161483||ll_cache_miss_rd|259161862320|100.00||
   212.109430800|5696287206||ll_cache_miss_rd|254502321080|100.00||
   213.701479760|5722316151||ll_cache_miss_rd|255644097000|100.00||
   215.285447920|5663183436||ll_cache_miss_rd|252960731520|100.00||
   216.885509360|5708406728||ll_cache_miss_rd|254654410760|100.00||
   218.441518120|5519409657||ll_cache_miss_rd|246030099880|100.00||
   219.941429480|5399216366||ll_cache_miss_rd|241209082040|100.00||
   221.485499960|5526747531||ll_cache_miss_rd|246550674440|100.00||
   223.009575320|5499288728||ll_cache_miss_rd|245258758880|100.00||
   224.549402680|5523256880||ll_cache_miss_rd|246344656520|100.00||
   226.081572040|5486032391||ll_cache_miss_rd|244838882920|100.00||
   227.657432840|5660943864||ll_cache_miss_rd|252326568320|100.00||
   229.209539200|5529988122||ll_cache_miss_rd|246716337200|100.00||
   230.733662720|5488324552||ll_cache_miss_rd|244907790680|100.00||
   232.289544640|5581766427||ll_cache_miss_rd|249076129200|100.00||
   233.821433360|5483767698||ll_cache_miss_rd|244710343000|100.00||
   235.333448040|5430133809||ll_cache_miss_rd|242284143680|100.00||
   236.873497480|5530222058||ll_cache_miss_rd|246907789080|100.00||
   238.437693840|5640227838||ll_cache_miss_rd|251651203600|100.00||
   240.005474000|5561117083||ll_cache_miss_rd|248263894240|100.00||
   241.541550080|5550244418||ll_cache_miss_rd|247964088880|100.00||
   243.089486640|5529095847||ll_cache_miss_rd|246768252080|100.00||
   244.641610080|5568019523||ll_cache_miss_rd|248523611480|100.00||
   246.193574000|5579081518||ll_cache_miss_rd|248858240120|100.00||
   247.717652600|5506999887||ll_cache_miss_rd|245881635920|100.00||
   249.301644320|5624709226||ll_cache_miss_rd|251033892360|100.00||
   250.845644960|5600256103||ll_cache_miss_rd|250286171360|100.00||
   252.485487480|5846473201||ll_cache_miss_rd|261224488800|100.00||
   254.057752400|5575265783||ll_cache_miss_rd|249056614040|100.00||
   255.605587000|5518683590||ll_cache_miss_rd|246391844120|100.00||
   257.125647600|5478299736||ll_cache_miss_rd|244518473880|100.00||
   258.689581440|5637039845||ll_cache_miss_rd|251831444880|100.00||
   260.277593760|5676304337||ll_cache_miss_rd|253514636440|100.00||
   261.841549760|5546666313||ll_cache_miss_rd|247679146760|100.00||
   263.365570560|5549156648||ll_cache_miss_rd|247694305440|100.00||
   264.945468040|5637140390||ll_cache_miss_rd|251771449640|100.00||
   266.525530640|5655926244||ll_cache_miss_rd|252652587840|100.00||
   268.113517800|5751372857||ll_cache_miss_rd|256778935960|100.00||
   269.717536200|5756367359||ll_cache_miss_rd|256842237720|100.00||
   271.337441600|5765378220||ll_cache_miss_rd|257394383680|100.00||
   272.921479520|5696531437||ll_cache_miss_rd|254348160360|100.00||
   274.489731800|5509110206||ll_cache_miss_rd|245621446760|100.00||
   275.997557080|5400265093||ll_cache_miss_rd|241041325760|100.00||
   277.501479720|5474837613||ll_cache_miss_rd|244531453880|100.00||
   279.073670360|5590882668||ll_cache_miss_rd|249349865240|100.00||
   280.629542000|5664635467||ll_cache_miss_rd|252635502960|100.00||
   282.233643680|5652907141||ll_cache_miss_rd|251819554440|100.00||
   283.753393360|5426378442||ll_cache_miss_rd|242145571480|100.00||
   285.261585320|5445656511||ll_cache_miss_rd|243265801640|100.00||
   286.801489120|5529266466||ll_cache_miss_rd|246598038960|100.00||
   288.361516160|5570446361||ll_cache_miss_rd|248589687320|100.00||
   289.901490360|5517624314||ll_cache_miss_rd|246245386640|100.00||
   291.417431200|5427374458||ll_cache_miss_rd|242411297640|100.00||
   292.961398960|5538274365||ll_cache_miss_rd|247127690280|100.00||
   294.485481480|5485758908||ll_cache_miss_rd|244762232840|100.00||
   296.017553520|5563927195||ll_cache_miss_rd|248502765400|100.00||
   297.597561600|5649954243||ll_cache_miss_rd|252221031960|100.00||
   299.185470520|5638628165||ll_cache_miss_rd|251619255680|100.00||
   300.725543040|5496595495||ll_cache_miss_rd|245370009400|100.00||
   302.237523600|5546542182||ll_cache_miss_rd|247738714840|100.00||
   303.857493680|5665589737||ll_cache_miss_rd|252680346400|100.00||
   305.381485680|5474133216||ll_cache_miss_rd|244351578360|100.00||
   306.898283320|5451378645||ll_cache_miss_rd|243295071960|100.00||
   308.425677680|5482589292||ll_cache_miss_rd|244804656800|100.00||
   309.997712080|5686015081||ll_cache_miss_rd|253965517160|100.00||
   311.589410960|5636988584||ll_cache_miss_rd|251926624000|100.00||
   313.145500240|5612992465||ll_cache_miss_rd|250899840720|100.00||
   314.693504720|5516827351||ll_cache_miss_rd|246153148480|100.00||
   316.221585040|5464297242||ll_cache_miss_rd|243983557560|100.00||
   317.769461400|5522700681||ll_cache_miss_rd|246667088720|100.00||
   319.265487320|5382045005||ll_cache_miss_rd|239893621120|100.00||
   320.805506960|5511133954||ll_cache_miss_rd|246255466360|100.00||
   322.293595760|5367293908||ll_cache_miss_rd|239231224520|100.00||
   323.841559840|5608726932||ll_cache_miss_rd|250486802480|100.00||
   325.433494480|5660356085||ll_cache_miss_rd|252994282280|100.00||
   326.985628480|5570780534||ll_cache_miss_rd|248763355800|100.00||
   328.553520600|5692952429||ll_cache_miss_rd|254459972960|100.00||
   330.177499800|5749883294||ll_cache_miss_rd|257046423640|100.00||
   331.741466160|5590786976||ll_cache_miss_rd|249594354520|100.00||
   333.305611320|5603291459||ll_cache_miss_rd|250437708680|100.00||
   334.877652200|5619846133||ll_cache_miss_rd|250761728200|100.00||
   336.421645680|5465404643||ll_cache_miss_rd|243586239200|100.00||
   337.917555640|5429778394||ll_cache_miss_rd|242380392720|100.00||
   339.457496880|5598576322||ll_cache_miss_rd|249947384080|100.00||
   341.037562560|5603532960||ll_cache_miss_rd|249911771320|100.00||
   342.617583120|5680352984||ll_cache_miss_rd|253868832760|100.00||
   344.193635120|5660801648||ll_cache_miss_rd|252841644960|100.00||
   345.769601800|5624294903||ll_cache_miss_rd|250921833560|100.00||
   347.361533520|5712974093||ll_cache_miss_rd|254818791400|100.00||
   348.937403440|5674011477||ll_cache_miss_rd|253137979880|100.00||
   350.517576800|5673459544||ll_cache_miss_rd|252939495600|100.00||
   352.109684520|5690624798||ll_cache_miss_rd|253953719480|100.00||
   353.677616080|5577920931||ll_cache_miss_rd|248950343280|100.00||
   355.229493760|5606000282||ll_cache_miss_rd|250149483520|100.00||
   356.809513040|5578690008||ll_cache_miss_rd|248871886880|100.00||
   358.317541160|5469554038||ll_cache_miss_rd|244238092480|100.00||
   359.873640040|5620894374||ll_cache_miss_rd|250855520680|100.00||
   361.473723640|5703905454||ll_cache_miss_rd|254634558280|100.00||
   363.041770680|5665259058||ll_cache_miss_rd|252776824160|100.00||
   364.629589640|5625452167||ll_cache_miss_rd|251359829440|100.00||
   366.165552240|5468669927||ll_cache_miss_rd|244150228280|100.00||
   367.673568640|5481547347||ll_cache_miss_rd|244447726080|100.00||
   369.249622720|5648395194||ll_cache_miss_rd|252322166160|100.00||
   370.833589320|5629626190||ll_cache_miss_rd|251414176840|100.00||
   372.393708800|5570797260||ll_cache_miss_rd|248687686120|100.00||
   373.933519520|5700220558||ll_cache_miss_rd|254518912400|100.00||
   375.617733200|5953504816||ll_cache_miss_rd|266102801320|100.00||
   377.229628680|5700837808||ll_cache_miss_rd|254597534200|100.00||
   378.801638120|5644747098||ll_cache_miss_rd|252006712120|100.00||
   380.377624120|5699574935||ll_cache_miss_rd|254632920240|100.00||
   381.997674520|5754071635||ll_cache_miss_rd|256961193720|100.00||
   383.569575480|5654372698||ll_cache_miss_rd|252273122400|100.00||
   385.173685920|5714293250||ll_cache_miss_rd|255157506880|100.00||
   386.725618680|5647169866||ll_cache_miss_rd|251741656960|100.00||
   388.329619000|5729577524||ll_cache_miss_rd|255236164800|100.00||
   389.893545480|5554618739||ll_cache_miss_rd|247847298560|100.00||
   391.449505760|5593898750||ll_cache_miss_rd|249471997640|100.00||
   392.977478800|5540213597||ll_cache_miss_rd|247184190200|100.00||
   394.597605800|5719747431||ll_cache_miss_rd|255117944840|100.00||
   396.125606240|5460093637||ll_cache_miss_rd|244009600840|100.00||
   397.669593840|5521203340||ll_cache_miss_rd|246430693760|100.00||
   399.177544320|5463630356||ll_cache_miss_rd|243808952360|100.00||
   400.729733160|5515580245||ll_cache_miss_rd|246417833720|100.00||
   402.249621840|5455547859||ll_cache_miss_rd|243363220320|100.00||
   403.765527720|5542775037||ll_cache_miss_rd|247261406000|100.00||
   405.389545080|5776618816||ll_cache_miss_rd|257574718080|100.00||
   406.973567560|5672362801||ll_cache_miss_rd|253049007440|100.00||
   408.549434840|5651998977||ll_cache_miss_rd|252067266000|100.00||
   410.093671600|5500120346||ll_cache_miss_rd|245699130720|100.00||
   411.637448280|5564557265||ll_cache_miss_rd|248312419080|100.00||
   413.201479600|5608939080||ll_cache_miss_rd|250593778280|100.00||
   414.785429720|5646121127||ll_cache_miss_rd|252219950600|100.00||
   416.365619520|5675694686||ll_cache_miss_rd|253809139520|100.00||
   417.933675880|5619843515||ll_cache_miss_rd|250927369400|100.00||
   419.497553800|5644948430||ll_cache_miss_rd|251762632440|100.00||
   421.085609640|5684866925||ll_cache_miss_rd|253947138200|100.00||
   422.649787360|5558769257||ll_cache_miss_rd|248285729000|100.00||
   424.181577440|5566092591||ll_cache_miss_rd|248511608080|100.00||
   425.809645920|5729451617||ll_cache_miss_rd|256101534400|100.00||
   427.341561360|5574773618||ll_cache_miss_rd|249070581160|100.00||
   428.965572000|5780770118||ll_cache_miss_rd|258071311200|100.00||
   430.541442360|5666597630||ll_cache_miss_rd|253205751640|100.00||
   432.161556640|5798096288||ll_cache_miss_rd|258677844880|100.00||
   433.753523520|5723619484||ll_cache_miss_rd|255640086320|100.00||
   435.341653800|5665021294||ll_cache_miss_rd|252761039840|100.00||
   436.921696600|5679257999||ll_cache_miss_rd|253439838200|100.00||
   438.505686160|5603176814||ll_cache_miss_rd|249811678760|100.00||
   440.033638160|5532044524||ll_cache_miss_rd|246986661760|100.00||
   441.633614080|5716482171||ll_cache_miss_rd|254970633080|100.00||
   443.181598160|5563488770||ll_cache_miss_rd|248317754480|100.00||
   444.753662960|5651982757||ll_cache_miss_rd|252050966160|100.00||
   446.337719680|5702419808||ll_cache_miss_rd|254509664840|100.00||
   447.933565480|5680949417||ll_cache_miss_rd|253711618840|100.00||
   449.497522960|5623669505||ll_cache_miss_rd|250867136320|100.00||
   451.061526000|5612287210||ll_cache_miss_rd|250547896720|100.00||
   452.617454200|5531363973||ll_cache_miss_rd|246888272000|100.00||
   454.161572680|5554817436||ll_cache_miss_rd|247854928360|100.00||
   455.721669160|5597027957||ll_cache_miss_rd|249922557640|100.00||
   457.293667920|5584378723||ll_cache_miss_rd|249521709720|100.00||
   458.825453760|5554028613||ll_cache_miss_rd|247997453800|100.00||
   460.413624520|5684650530||ll_cache_miss_rd|253852426280|100.00||
   461.993706920|5655174667||ll_cache_miss_rd|252584252040|100.00||
   463.561645280|5657683188||ll_cache_miss_rd|252636429000|100.00||
   465.161623680|5720714700||ll_cache_miss_rd|255329196840|100.00||
   466.737662560|5582506318||ll_cache_miss_rd|249223325720|100.00||
   468.249524720|5465375619||ll_cache_miss_rd|244078689720|100.00||
   469.829725560|5596330935||ll_cache_miss_rd|249605030360|100.00||
   471.353677880|5498409277||ll_cache_miss_rd|245510741040|100.00||
   472.925510040|5660174621||ll_cache_miss_rd|252578781040|100.00||
   474.493619640|5675220753||ll_cache_miss_rd|253380550480|100.00||
   476.101518800|5803703999||ll_cache_miss_rd|258944100320|100.00||
   477.741618360|5764010303||ll_cache_miss_rd|257299676320|100.00||
   479.293629560|5686160293||ll_cache_miss_rd|253876691520|100.00||
   480.949616480|5853191434||ll_cache_miss_rd|260448325800|100.00||
   482.533556640|5641960157||ll_cache_miss_rd|251471220200|100.00||
   484.081581600|5623003470||ll_cache_miss_rd|250948295200|100.00||
   485.685641360|5665505206||ll_cache_miss_rd|252731200560|100.00||
   487.209681920|5548027680||ll_cache_miss_rd|247935191880|100.00||
   488.809572760|5686502395||ll_cache_miss_rd|253727463800|100.00||
   490.365560920|5557147080||ll_cache_miss_rd|248042560520|100.00||
   491.897669640|5522989921||ll_cache_miss_rd|246687967440|100.00||
   493.469734080|5657030180||ll_cache_miss_rd|252311853160|100.00||
   495.029685120|5532077058||ll_cache_miss_rd|246890284280|100.00||
   496.569527280|5614147464||ll_cache_miss_rd|250552572040|100.00||
   498.149664240|5578934210||ll_cache_miss_rd|249074933240|100.00||
   499.685702320|5495366901||ll_cache_miss_rd|245326152600|100.00||
   501.201636320|5492900038||ll_cache_miss_rd|245268398640|100.00||
   502.785593200|5587638260||ll_cache_miss_rd|249375349640|100.00||
   504.293801200|5459621111||ll_cache_miss_rd|243661147440|100.00||
   505.849678560|5541386344||ll_cache_miss_rd|247326878960|100.00||
   507.369594800|5432161218||ll_cache_miss_rd|242486306400|100.00||
   508.877464840|5441496249||ll_cache_miss_rd|242832875240|100.00||
   510.445562280|5640697977||ll_cache_miss_rd|251868484800|100.00||
   512.005605920|5596924329||ll_cache_miss_rd|249761615200|100.00||
   513.573618400|5621790013||ll_cache_miss_rd|251029433960|100.00||
   515.117650240|5489049613||ll_cache_miss_rd|245235123880|100.00||
   516.629593560|5443928969||ll_cache_miss_rd|242916749880|100.00||
   518.165625040|5536575476||ll_cache_miss_rd|247454114280|100.00||
   519.765568800|5692803476||ll_cache_miss_rd|254435066640|100.00||
   521.313671560|5560921168||ll_cache_miss_rd|248338163040|100.00||
   522.881633520|5628157004||ll_cache_miss_rd|251369332240|100.00||
   524.457624280|5732058828||ll_cache_miss_rd|256028281320|100.00||
   526.069692480|5767935535||ll_cache_miss_rd|257758790800|100.00||
   527.709593360|5681291804||ll_cache_miss_rd|253396539800|100.00||
   529.177653160|5478503953||ll_cache_miss_rd|245019381200|100.00||
   530.813602600|5739849014||ll_cache_miss_rd|256041632720|100.00||
   532.369668760|5607580005||ll_cache_miss_rd|250350845320|100.00||
   533.949577240|5550973553||ll_cache_miss_rd|247612671880|100.00||
   535.441823560|5461532235||ll_cache_miss_rd|243932860880|100.00||
   537.025595200|5634853775||ll_cache_miss_rd|251574832280|100.00||
   538.553735120|5463134013||ll_cache_miss_rd|243702677600|100.00||
   540.109584120|5559157851||ll_cache_miss_rd|247923795720|100.00||
   541.617581640|5476100378||ll_cache_miss_rd|244692067280|100.00||
   543.209596640|5626324208||ll_cache_miss_rd|250790556040|100.00||
   544.701609120|5372142810||ll_cache_miss_rd|239585334560|100.00||
   546.225620400|5497103762||ll_cache_miss_rd|245455676320|100.00||
   547.789734560|5564528569||ll_cache_miss_rd|248095163640|100.00||
   549.301620840|5465715922||ll_cache_miss_rd|243856384920|100.00||
   550.846519640|5513370245||ll_cache_miss_rd|246130085440|100.00||
   552.389629040|5554769650||ll_cache_miss_rd|247920566400|100.00||
   553.929606600|5493544865||ll_cache_miss_rd|245029126920|100.00||
   555.465573040|5530559364||ll_cache_miss_rd|247008032360|100.00||
   557.009582280|5574336140||ll_cache_miss_rd|248919314680|100.00||
   558.589527080|5592585319||ll_cache_miss_rd|249297172760|100.00||
   560.089631560|5373333280||ll_cache_miss_rd|239701775000|100.00||
   561.609543680|5441785250||ll_cache_miss_rd|242834601560|100.00||
   563.121675960|5507072755||ll_cache_miss_rd|245978688920|100.00||
   564.721646360|5774735780||ll_cache_miss_rd|257834371760|100.00||
   566.329709280|5751592493||ll_cache_miss_rd|256716682560|100.00||
   567.905625840|5564561655||ll_cache_miss_rd|248361018800|100.00||
   569.413751040|5435881253||ll_cache_miss_rd|242507416720|100.00||
   570.977510240|5615644162||ll_cache_miss_rd|251021394080|100.00||
   572.545614320|5570362091||ll_cache_miss_rd|248780600480|100.00||
   574.081624000|5513831399||ll_cache_miss_rd|246135800480|100.00||
   575.633596120|5558058842||ll_cache_miss_rd|248317614400|100.00||
   577.169548880|5512325148||ll_cache_miss_rd|246115945960|100.00||
   578.709560160|5509477846||ll_cache_miss_rd|246036927400|100.00||
   580.249552400|5538497876||ll_cache_miss_rd|247145948160|100.00||
   581.809561160|5630805943||ll_cache_miss_rd|251513596160|100.00||
   583.401575000|5620193943||ll_cache_miss_rd|251252614840|100.00||
   584.905585640|5399214179||ll_cache_miss_rd|240948422480|100.00||
   586.429471200|5487699441||ll_cache_miss_rd|245022141280|100.00||
   587.957567360|5475670989||ll_cache_miss_rd|244492814520|100.00||
   589.501607040|5580319174||ll_cache_miss_rd|249212746320|100.00||
   591.117592080|5732488297||ll_cache_miss_rd|256163008240|100.00||
   592.661591200|5548146561||ll_cache_miss_rd|247869868920|100.00||
   594.241524960|5784051683||ll_cache_miss_rd|258154435840|100.00||
   595.861572960|5701656950||ll_cache_miss_rd|254577587960|100.00||
   597.425701800|5598678509||ll_cache_miss_rd|249895029200|100.00||
   598.973659360|5560214367||ll_cache_miss_rd|248089785120|100.00||
   600.537580040|5665453572||ll_cache_miss_rd|252877020880|100.00||
   602.141519560|5673430196||ll_cache_miss_rd|253093103840|100.00||
   603.697731400|5622739938||ll_cache_miss_rd|250993406240|100.00||
   605.285666000|5687321974||ll_cache_miss_rd|253684251000|100.00||
   606.865571480|5638499379||ll_cache_miss_rd|251413627760|100.00||
   608.441631360|5646975839||ll_cache_miss_rd|251796008520|100.00||
   609.973721800|5479959180||ll_cache_miss_rd|244579160960|100.00||
   611.513746080|5567223122||ll_cache_miss_rd|248366466760|100.00||
   613.093567000|5650667718||ll_cache_miss_rd|252148797200|100.00||
   614.697631840|5696725552||ll_cache_miss_rd|254109545960|100.00||
   616.233606280|5563098749||ll_cache_miss_rd|248383155120|100.00||
   617.797680800|5622950942||ll_cache_miss_rd|250935124040|100.00||
   619.393682440|5579925518||ll_cache_miss_rd|249031772440|100.00||
   620.817598120|5215312364||ll_cache_miss_rd|232730719480|100.00||
   622.393595600|5608212448||ll_cache_miss_rd|250446921440|100.00||
   623.925663000|5611295861||ll_cache_miss_rd|250605966560|100.00||
   625.545581480|5801381640||ll_cache_miss_rd|258862763160|100.00||
   627.141737040|5707818259||ll_cache_miss_rd|254873932600|100.00||
   628.733621560|5594739608||ll_cache_miss_rd|250258102440|100.00||
   630.269652760|5588751156||ll_cache_miss_rd|249225200600|100.00||
   631.889589720|5850615380||ll_cache_miss_rd|261188447960|100.00||
   633.509558840|5722764574||ll_cache_miss_rd|255572689640|100.00||
   635.077684240|5653273157||ll_cache_miss_rd|252540537760|100.00||
   636.673569520|5720156298||ll_cache_miss_rd|255571670400|100.00||
   638.233577640|5512381473||ll_cache_miss_rd|246228203240|100.00||
   639.733425920|5470548618||ll_cache_miss_rd|244212161280|100.00||
   641.337460320|5724423178||ll_cache_miss_rd|255678327840|100.00||
   642.921445600|5669439834||ll_cache_miss_rd|253206869280|100.00||
   644.501511080|5789716872||ll_cache_miss_rd|258795252040|100.00||
   646.173680760|5899041360||ll_cache_miss_rd|262814247040|100.00||
   647.793702480|5767914382||ll_cache_miss_rd|257118050800|100.00||
   649.365693240|5679885269||ll_cache_miss_rd|253212058760|100.00||
   650.969628360|5628252276||ll_cache_miss_rd|250847496320|100.00||
   652.489521320|5498057503||ll_cache_miss_rd|245392517280|100.00||
   654.045727640|5527279463||ll_cache_miss_rd|246675952440|100.00||
   655.549575320|5494937001||ll_cache_miss_rd|245503154320|100.00||
   657.157563360|5754488923||ll_cache_miss_rd|256738833440|100.00||
   658.725666040|5569779871||ll_cache_miss_rd|248609918640|100.00||
   660.273731320|5581233040||ll_cache_miss_rd|249230848680|100.00||
   661.841657600|5565765298||ll_cache_miss_rd|248590216880|100.00||
   663.349718280|5449337713||ll_cache_miss_rd|243308498120|100.00||
   664.901569200|5496714131||ll_cache_miss_rd|245268981880|100.00||
   666.425569200|5454279941||ll_cache_miss_rd|243507274440|100.00||
   667.957732600|5560466508||ll_cache_miss_rd|248385698800|100.00||
   669.521703840|5658911908||ll_cache_miss_rd|252706240280|100.00||
   671.105556200|5641815659||ll_cache_miss_rd|251823688560|100.00||
   672.689676440|5663817093||ll_cache_miss_rd|253000664160|100.00||
   674.261641640|5616500170||ll_cache_miss_rd|251026808960|100.00||
   675.841602240|5697115480||ll_cache_miss_rd|254390318280|100.00||
   677.437707600|5651741318||ll_cache_miss_rd|252622975840|100.00||
   678.989700000|5624865028||ll_cache_miss_rd|251281523160|100.00||
   680.553742000|5596838688||ll_cache_miss_rd|250122706200|100.00||
   682.129740800|5624205018||ll_cache_miss_rd|251244258960|100.00||
   683.701537520|5658732808||ll_cache_miss_rd|252802675120|100.00||
   685.289531880|5689513870||ll_cache_miss_rd|254289667960|100.00||
   686.865589080|5644635615||ll_cache_miss_rd|251914043640|100.00||
   688.461399400|5787052732||ll_cache_miss_rd|258233369080|100.00||
   690.105394120|5752401308||ll_cache_miss_rd|256708647880|100.00||
   691.645515840|5638028201||ll_cache_miss_rd|251558366040|100.00||
   693.269642040|5813242017||ll_cache_miss_rd|259041087960|100.00||
   694.889625880|5729303727||ll_cache_miss_rd|255471800760|100.00||
   696.429571640|5523709568||ll_cache_miss_rd|246693253280|100.00||
   697.957580280|5514190734||ll_cache_miss_rd|246044489400|100.00||
   699.521500200|5505120952||ll_cache_miss_rd|245505731120|100.00||
   701.009568720|5418662353||ll_cache_miss_rd|242239751720|100.00||
   702.593513200|5701689805||ll_cache_miss_rd|254227889920|100.00||
   704.177555160|5668129078||ll_cache_miss_rd|252718921640|100.00||
   705.749512160|5642544687||ll_cache_miss_rd|251883009080|100.00||
   707.321606240|5590261971||ll_cache_miss_rd|249306416280|100.00||
   708.861578240|5532283741||ll_cache_miss_rd|246992354800|100.00||
   710.429665040|5650131705||ll_cache_miss_rd|252185578000|100.00||
   711.993641600|5687653910||ll_cache_miss_rd|253932095400|100.00||
   713.625661960|5799826674||ll_cache_miss_rd|258950214920|100.00||
   715.197551400|5590036678||ll_cache_miss_rd|249864819400|100.00||
   716.793628800|5745905127||ll_cache_miss_rd|256925840680|100.00||
   718.377536320|5645817239||ll_cache_miss_rd|252124139400|100.00||
   719.949627600|5650289900||ll_cache_miss_rd|252554844400|100.00||
   721.541567640|5677112508||ll_cache_miss_rd|253680138720|100.00||
   723.137608240|5755171665||ll_cache_miss_rd|257232280360|100.00||
   724.749588760|5780679620||ll_cache_miss_rd|258720240720|100.00||
   726.341671240|5648271123||ll_cache_miss_rd|252070799800|100.00||
   727.901573760|5579663985||ll_cache_miss_rd|249138373960|100.00||
   729.461716920|5659644487||ll_cache_miss_rd|252647142800|100.00||
   731.053688280|5732480004||ll_cache_miss_rd|255841514560|100.00||
   732.685615040|5806680219||ll_cache_miss_rd|258927283000|100.00||
   734.265654880|5693478883||ll_cache_miss_rd|253958839920|100.00||
   735.877626120|5651152105||ll_cache_miss_rd|251660786600|100.00||
   737.409687280|5548677959||ll_cache_miss_rd|247567970280|100.00||
   738.977522520|5631842304||ll_cache_miss_rd|251150584280|100.00||
   740.533611640|5615493508||ll_cache_miss_rd|250501754920|100.00||
   742.109754840|5572665213||ll_cache_miss_rd|248741361920|100.00||
   743.629651480|5498531897||ll_cache_miss_rd|245511161640|100.00||
   745.209676040|5652480395||ll_cache_miss_rd|252407103560|100.00||
   746.777488720|5625098587||ll_cache_miss_rd|251078983320|100.00||
   748.365624280|5665139940||ll_cache_miss_rd|252876813920|100.00||
   749.889679280|5509068160||ll_cache_miss_rd|245870062960|100.00||
   751.461533120|5630402875||ll_cache_miss_rd|251349876760|100.00||
   753.041624000|5635190809||ll_cache_miss_rd|251629511800|100.00||
   754.593743480|5580426013||ll_cache_miss_rd|249215529720|100.00||
   756.153615200|5606073016||ll_cache_miss_rd|250422574720|100.00||
   757.737500920|5580106558||ll_cache_miss_rd|249583743160|100.00||
   759.245643440|5488246497||ll_cache_miss_rd|244864752440|100.00||
   760.825574200|5635860845||ll_cache_miss_rd|251898727720|100.00||
   762.377540480|5597792076||ll_cache_miss_rd|250036291000|100.00||
   763.957598800|5713442570||ll_cache_miss_rd|255310231480|100.00||
   765.585456280|5838250996||ll_cache_miss_rd|260914608360|100.00||
   767.229464240|5770852782||ll_cache_miss_rd|257724814320|100.00||
   768.773410040|5563221089||ll_cache_miss_rd|248503343800|100.00||
   770.337423520|5713091250||ll_cache_miss_rd|255034472400|100.00||
   771.961486640|5725687890||ll_cache_miss_rd|255437415120|100.00||
   773.533499440|5667101586||ll_cache_miss_rd|252948467960|100.00||
   775.157577160|5774909458||ll_cache_miss_rd|257797775240|100.00||
   776.701577480|5550645890||ll_cache_miss_rd|247771482360|100.00||
   778.297615040|5768373755||ll_cache_miss_rd|257015762280|100.00||
   779.893617680|5658030791||ll_cache_miss_rd|252291869320|100.00||
   781.425517520|5504468345||ll_cache_miss_rd|245740517200|100.00||
   782.973494160|5534629163||ll_cache_miss_rd|246773077720|100.00||
   784.521536240|5551252394||ll_cache_miss_rd|247872474880|100.00||
   786.113654040|5737082808||ll_cache_miss_rd|255782987760|100.00||
   787.705639720|5708551818||ll_cache_miss_rd|254605942400|100.00||
   789.281672000|5683515501||ll_cache_miss_rd|253729648360|100.00||
   790.905639920|5705220511||ll_cache_miss_rd|254618657040|100.00||
   792.437678120|5584765744||ll_cache_miss_rd|249400885680|100.00||
   794.013544360|5572292840||ll_cache_miss_rd|248774369600|100.00||
   795.521577560|5448893183||ll_cache_miss_rd|243075131840|100.00||
   797.085706960|5630329130||ll_cache_miss_rd|251676825560|100.00||
   798.685595280|5635668016||ll_cache_miss_rd|251933941200|100.00||
   800.201567600|5463425900||ll_cache_miss_rd|243633706880|100.00||
   801.745626480|5548946955||ll_cache_miss_rd|247912470480|100.00||
   803.285629560|5522888593||ll_cache_miss_rd|246884842040|100.00||
   804.833524920|5564067461||ll_cache_miss_rd|248428028200|100.00||
   806.405514720|5640415022||ll_cache_miss_rd|252143781680|100.00||
   807.981597840|5638575590||ll_cache_miss_rd|251848285600|100.00||
   809.537511600|5560534709||ll_cache_miss_rd|248294585640|100.00||
   811.097560720|5671098724||ll_cache_miss_rd|253301221360|100.00||
   812.689571160|5672310984||ll_cache_miss_rd|253365597960|100.00||
   814.313583560|5790238579||ll_cache_miss_rd|258597109360|100.00||
   815.893369240|5643618721||ll_cache_miss_rd|252014382720|100.00||
   817.465516040|5643450347||ll_cache_miss_rd|251846045520|100.00||
   819.053396920|5707792727||ll_cache_miss_rd|254746981760|100.00||
   820.629502200|5606296340||ll_cache_miss_rd|250208558760|100.00||
   822.169589880|5599940352||ll_cache_miss_rd|250123414320|100.00||
   823.789398880|5790053436||ll_cache_miss_rd|258449793120|100.00||
   825.397509640|5701180858||ll_cache_miss_rd|254049149560|100.00||
   826.925395160|5474736689||ll_cache_miss_rd|244297342800|100.00||
   828.445494560|5443722987||ll_cache_miss_rd|242902048600|100.00||
   829.997503880|5546147227||ll_cache_miss_rd|247459092800|100.00||
   831.493474600|5360496408||ll_cache_miss_rd|239055673680|100.00||
   833.009442680|5454010648||ll_cache_miss_rd|243635160840|100.00||
   834.553505080|5562863354||ll_cache_miss_rd|248214208960|100.00||
   836.125587400|5623043638||ll_cache_miss_rd|250891601680|100.00||
   837.701428800|5638480111||ll_cache_miss_rd|251816678920|100.00||
   839.225487400|5405018916||ll_cache_miss_rd|241048756200|100.00||
   840.717416360|5361911847||ll_cache_miss_rd|239208025200|100.00||
   842.213706320|5450716491||ll_cache_miss_rd|243395101520|100.00||
   843.769594440|5547525072||ll_cache_miss_rd|247489420600|100.00||
   845.309679200|5497883241||ll_cache_miss_rd|245500224120|100.00||
   846.821710640|5400226192||ll_cache_miss_rd|241010020680|100.00||
   848.329709320|5425564916||ll_cache_miss_rd|242155238520|100.00||
   849.865718480|5440278457||ll_cache_miss_rd|242914817040|100.00||
   851.353558200|5406134959||ll_cache_miss_rd|241387021560|100.00||
   852.897625520|5496002105||ll_cache_miss_rd|245196747640|100.00||
   854.417597360|5494245502||ll_cache_miss_rd|245385140920|100.00||
   855.957604160|5551536741||ll_cache_miss_rd|247800820160|100.00||
   857.525551560|5563697812||ll_cache_miss_rd|248180981760|100.00||
   859.045651920|5512427100||ll_cache_miss_rd|246264876320|100.00||
   860.610819600|5517100362||ll_cache_miss_rd|246173484760|100.00||
   862.109647160|5445638547||ll_cache_miss_rd|243284601760|100.00||
   863.693576680|5660067096||ll_cache_miss_rd|252482766040|100.00||
   865.229696560|5540554953||ll_cache_miss_rd|247372493520|100.00||
   866.821585200|5703383794||ll_cache_miss_rd|254584411000|100.00||
   868.385686800|5601261399||ll_cache_miss_rd|250134850040|100.00||
   869.909613280|5470713483||ll_cache_miss_rd|244164558600|100.00||
   871.473536160|5586934512||ll_cache_miss_rd|249452579240|100.00||
   873.025669440|5561567860||ll_cache_miss_rd|248430515840|100.00||
   874.573656680|5538223569||ll_cache_miss_rd|247238749960|100.00||
   876.101699920|5480312838||ll_cache_miss_rd|244510240600|100.00||
   877.625551040|5436190381||ll_cache_miss_rd|242622730120|100.00||
   879.141509640|5473699238||ll_cache_miss_rd|244218212720|100.00||
   880.689585840|5520348232||ll_cache_miss_rd|246804624960|100.00||
   882.245537480|5560155837||ll_cache_miss_rd|248162044800|100.00||
   883.777396440|5553178123||ll_cache_miss_rd|248197551920|100.00||
   885.341480880|5633735002||ll_cache_miss_rd|251894414400|100.00||
   886.973700040|5803639688||ll_cache_miss_rd|259516929520|100.00||
   888.561542840|5721493515||ll_cache_miss_rd|255956789000|100.00||
   890.177579040|5761605932||ll_cache_miss_rd|257563716640|100.00||
   891.761618760|5662984409||ll_cache_miss_rd|252569726280|100.00||
   893.333626800|5617874440||ll_cache_miss_rd|250778273240|100.00||
   894.885697960|5498543113||ll_cache_miss_rd|245671885560|100.00||
   896.373656360|5376191364||ll_cache_miss_rd|239797636280|100.00||
   897.933520680|5603135347||ll_cache_miss_rd|250186221040|100.00||
   899.465650680|5543854581||ll_cache_miss_rd|247201562640|100.00||
   901.045587920|5690611026||ll_cache_miss_rd|253767604080|100.00||
   902.669516040|5752024279||ll_cache_miss_rd|256302277600|100.00||
   904.229658320|5575149408||ll_cache_miss_rd|248635653360|100.00||
   905.749689880|5485790092||ll_cache_miss_rd|244873031320|100.00||
   907.301586600|5530657233||ll_cache_miss_rd|246621148000|100.00||
   908.833575000|5524805541||ll_cache_miss_rd|246668500240|100.00||
   910.385644920|5623229983||ll_cache_miss_rd|250905580760|100.00||
   911.993566040|5740198709||ll_cache_miss_rd|255781682800|100.00||
   913.601538880|5686960565||ll_cache_miss_rd|253660596320|100.00||
   915.117534960|5469585140||ll_cache_miss_rd|244067775360|100.00||
   916.653573280|5452948203||ll_cache_miss_rd|243480318840|100.00||
   918.173525920|5495387212||ll_cache_miss_rd|245261932560|100.00||
   919.725637680|5595811616||ll_cache_miss_rd|249648582000|100.00||
   921.309575720|5676110533||ll_cache_miss_rd|253463902280|100.00||
   922.893636840|5608194539||ll_cache_miss_rd|250525580360|100.00||
   924.417565560|5457950814||ll_cache_miss_rd|243507843280|100.00||
   925.933539400|5481545873||ll_cache_miss_rd|244786026320|100.00||
   927.509573320|5652424184||ll_cache_miss_rd|252582636840|100.00||
   929.097666360|5725161747||ll_cache_miss_rd|255684444240|100.00||
   930.701579240|5737257702||ll_cache_miss_rd|256255920800|100.00||
   932.269679560|5623316222||ll_cache_miss_rd|251254385960|100.00||
   933.845408800|5559944740||ll_cache_miss_rd|248170165360|100.00||
   935.349705400|5503886493||ll_cache_miss_rd|245830659840|100.00||
   936.945496320|5678682287||ll_cache_miss_rd|253836742920|100.00||
   938.525567880|5628613256||ll_cache_miss_rd|251546628160|100.00||
   940.101497880|5613277744||ll_cache_miss_rd|250813167400|100.00||
   941.629637360|5465655073||ll_cache_miss_rd|243966956120|100.00||
   943.153498400|5527258654||ll_cache_miss_rd|246793955520|100.00||
   944.721434120|5662562218||ll_cache_miss_rd|252861499160|100.00||
   946.345582480|5730375997||ll_cache_miss_rd|255917153280|100.00||
   947.885357400|5544239546||ll_cache_miss_rd|247490234880|100.00||
   949.445532600|5527870588||ll_cache_miss_rd|246715882400|100.00||
   950.957430560|5473185204||ll_cache_miss_rd|244331780280|100.00||
   952.489347240|5556214056||ll_cache_miss_rd|248154354760|100.00||
   954.085673680|5706825052||ll_cache_miss_rd|254644260440|100.00||
   955.681559240|5670072235||ll_cache_miss_rd|252789212480|100.00||
   957.229598400|5555574546||ll_cache_miss_rd|247976359840|100.00||
   958.797521240|5697278898||ll_cache_miss_rd|254150226280|100.00||
   960.421531880|5780997646||ll_cache_miss_rd|257460744400|100.00||
   961.985545160|5561498764||ll_cache_miss_rd|248113228360|100.00||
   963.517565720|5494490987||ll_cache_miss_rd|245185678640|100.00||
   965.041648800|5464419457||ll_cache_miss_rd|243887566400|100.00||
   966.581704240|5599810692||ll_cache_miss_rd|249996319680|100.00||
   968.173535920|5632847124||ll_cache_miss_rd|251283958280|100.00||
   969.714067720|5599265532||ll_cache_miss_rd|249831708240|100.00||
   971.317517320|5789143163||ll_cache_miss_rd|258409682480|100.00||
   972.945544960|5726954390||ll_cache_miss_rd|255504576680|100.00||
   974.501660200|5621383387||ll_cache_miss_rd|251013706120|100.00||
   976.097546960|5735548858||ll_cache_miss_rd|256055850840|100.00||
   977.645515480|5479193840||ll_cache_miss_rd|244794308160|100.00||
   979.161615160|5462582658||ll_cache_miss_rd|243738175520|100.00||
   980.713641720|5538132720||ll_cache_miss_rd|247424292400|100.00||
   982.249529640|5498391437||ll_cache_miss_rd|245478779480|100.00||
   983.801557680|5609469544||ll_cache_miss_rd|250389947000|100.00||
   985.357451520|5606025548||ll_cache_miss_rd|250540203600|100.00||
   986.937674240|5668425346||ll_cache_miss_rd|252992464880|100.00||
   988.541670520|5763973277||ll_cache_miss_rd|257553500320|100.00||
   990.129685280|5662913290||ll_cache_miss_rd|253210560440|100.00||
   991.741673480|5750878351||ll_cache_miss_rd|256897947040|100.00||
   993.305553920|5594588661||ll_cache_miss_rd|249706823600|100.00||
   994.885663520|5643073251||ll_cache_miss_rd|251906328560|100.00||
   996.453753320|5655547914||ll_cache_miss_rd|252483115280|100.00||
   998.069689920|5776997019||ll_cache_miss_rd|257696522840|100.00||
   999.637612120|5668162339||ll_cache_miss_rd|253080186240|100.00||
  1001.253566800|5754970465||ll_cache_miss_rd|256872415360|100.00||
  1002.845607360|5709971854||ll_cache_miss_rd|254626123640|100.00||
  1004.429542360|5734130963||ll_cache_miss_rd|255726014280|100.00||
  1006.050058680|5736395941||ll_cache_miss_rd|255903642720|100.00||
  1007.613562560|5552793535||ll_cache_miss_rd|247754117560|100.00||
  1009.157652280|5545284362||ll_cache_miss_rd|247621216320|100.00||
  1010.693558680|5592951130||ll_cache_miss_rd|249579385840|100.00||
  1012.305615520|5811626229||ll_cache_miss_rd|259342116160|100.00||
  1013.921485760|5717091937||ll_cache_miss_rd|255110603720|100.00||
  1015.469441560|5540480899||ll_cache_miss_rd|247382038000|100.00||
  1017.037438000|5613225410||ll_cache_miss_rd|250653428120|100.00||
  1018.601413600|5691736923||ll_cache_miss_rd|254001953240|100.00||
  1020.225602800|5731356946||ll_cache_miss_rd|255757119960|100.00||
  1021.781556320|5562460965||ll_cache_miss_rd|248245194160|100.00||
  1023.321634720|5614070724||ll_cache_miss_rd|250666574000|100.00||
  1024.917590000|5674474324||ll_cache_miss_rd|253259002040|100.00||
  1026.521688960|5726477422||ll_cache_miss_rd|255633510640|100.00||
  1028.081711640|5604933345||ll_cache_miss_rd|250360747920|100.00||
  1029.673614240|5736018098||ll_cache_miss_rd|256240791440|100.00||
  1031.273600120|5688754922||ll_cache_miss_rd|253974857040|100.00||
  1032.841645240|5681984127||ll_cache_miss_rd|253837392280|100.00||
  1034.441623840|5659448968||ll_cache_miss_rd|252566977240|100.00||
  1035.985710640|5668589795||ll_cache_miss_rd|252993946040|100.00||
  1037.633481760|5797156639||ll_cache_miss_rd|258321063440|100.00||
  1039.193438440|5617993662||ll_cache_miss_rd|250725702160|100.00||
  1040.785547880|5711187432||ll_cache_miss_rd|254783875160|100.00||
  1042.365427760|5628032809||ll_cache_miss_rd|251114147640|100.00||
  1043.913571240|5606554438||ll_cache_miss_rd|250317085000|100.00||
  1045.529599360|5745679872||ll_cache_miss_rd|256537145960|100.00||
  1047.101607040|5668864707||ll_cache_miss_rd|252970959000|100.00||
  1048.681508560|5654809764||ll_cache_miss_rd|252327734400|100.00||
  1050.261564120|5680360466||ll_cache_miss_rd|253641291320|100.00||
  1051.853681000|5751036311||ll_cache_miss_rd|256893382880|100.00||
  1053.505622960|5867364494||ll_cache_miss_rd|261949850520|100.00||
  1055.081516520|5598745509||ll_cache_miss_rd|250106080480|100.00||
  1056.629557480|5539565492||ll_cache_miss_rd|247408186840|100.00||
  1058.193712040|5659904750||ll_cache_miss_rd|252794739320|100.00||
  1059.789499120|5654158024||ll_cache_miss_rd|252603983560|100.00||
  1061.337507080|5587461140||ll_cache_miss_rd|249627193360|100.00||
  1062.925591720|5691559917||ll_cache_miss_rd|254354886000|100.00||
  1064.497675800|5637936617||ll_cache_miss_rd|251655277720|100.00||
  1066.101564480|5768442047||ll_cache_miss_rd|257341497240|100.00||
  1067.717604920|5839512970||ll_cache_miss_rd|260717758280|100.00||
  1069.349737880|5771830159||ll_cache_miss_rd|257338483680|100.00||
  1070.921612960|5744406602||ll_cache_miss_rd|255926837760|100.00||
  1072.581624960|5866119977||ll_cache_miss_rd|261348419000|100.00||
  1074.157618440|5645626362||ll_cache_miss_rd|251864787840|100.00||
  1075.729519600|5639216479||ll_cache_miss_rd|251530235920|100.00||
  1077.289639920|5562587781||ll_cache_miss_rd|248253124120|100.00||
  1078.825610040|5503969855||ll_cache_miss_rd|245661170600|100.00||
  1080.377567800|5565313107||ll_cache_miss_rd|248553051000|100.00||
  1081.921513960|5593455418||ll_cache_miss_rd|249646671760|100.00||
  1083.525685360|5720645990||ll_cache_miss_rd|255183093360|100.00||
  1085.085473640|5512216094||ll_cache_miss_rd|246329793760|100.00||
  1086.597555000|5549778405||ll_cache_miss_rd|247658336520|100.00||
  1088.233490400|5808854666||ll_cache_miss_rd|259388997240|100.00||
  1089.805494320|5644818797||ll_cache_miss_rd|252199992760|100.00||
  1091.393603080|5734012287||ll_cache_miss_rd|256210408360|100.00||
  1092.997465360|5728259259||ll_cache_miss_rd|255830014800|100.00||
  1094.581562640|5562816486||ll_cache_miss_rd|248251716120|100.00||
  1096.073492880|5426977389||ll_cache_miss_rd|242266757160|100.00||
  1097.657543120|5658087865||ll_cache_miss_rd|252587382280|100.00||
  1099.213491960|5614381215||ll_cache_miss_rd|250762582160|100.00||
  1100.805655600|5731446118||ll_cache_miss_rd|256011882360|100.00||
  1102.405690680|5711266361||ll_cache_miss_rd|254868051680|100.00||
  1103.993639280|5642417956||ll_cache_miss_rd|251664497760|100.00||
  1105.545636000|5548666889||ll_cache_miss_rd|247542019200|100.00||
  1107.109589560|5667929909||ll_cache_miss_rd|253173535920|100.00||
  1108.673629720|5586063547||ll_cache_miss_rd|249302591640|100.00||
  1110.213695360|5534888975||ll_cache_miss_rd|246977578240|100.00||
  1111.773750000|5580035169||ll_cache_miss_rd|248911337200|100.00||
  1113.329584080|5584487373||ll_cache_miss_rd|249389560160|100.00||
  1114.913525160|5675906135||ll_cache_miss_rd|253229121640|100.00||
  1116.489614360|5646777768||ll_cache_miss_rd|252089652480|100.00||
  1118.073531880|5706828932||ll_cache_miss_rd|254872183200|100.00||
  1119.669642840|5645639342||ll_cache_miss_rd|252009766720|100.00||
  1121.221643680|5599338733||ll_cache_miss_rd|249974737040|100.00||
  1122.789539240|5575932525||ll_cache_miss_rd|248968118520|100.00||
  1124.329663040|5566077043||ll_cache_miss_rd|248507412600|100.00||
  1125.929491320|5767865076||ll_cache_miss_rd|257356961920|100.00||
  1127.529662600|5727412436||ll_cache_miss_rd|255672266960|100.00||
  1129.129582960|5688286414||ll_cache_miss_rd|253954937560|100.00||
  1130.697693400|5595748775||ll_cache_miss_rd|250095342800|100.00||
  1132.225591560|5525342890||ll_cache_miss_rd|246628846440|100.00||
  1133.813477920|5761870398||ll_cache_miss_rd|257572730160|100.00||
  1135.449425080|5848935340||ll_cache_miss_rd|261355967400|100.00||
  1137.097586800|5952684108||ll_cache_miss_rd|265583690640|100.00||
  1138.766430200|5936574440||ll_cache_miss_rd|264595536320|100.00||
  1140.393472440|5784764713||ll_cache_miss_rd|258163075280|100.00||
  1141.989560840|5705438950||ll_cache_miss_rd|254456493040|100.00||
  1143.549506480|5576993180||ll_cache_miss_rd|248828810560|100.00||
  1145.125614120|5680816321||ll_cache_miss_rd|253251095040|100.00||
  1146.733550640|5794206736||ll_cache_miss_rd|258385321360|100.00||
  1148.317643040|5658129526||ll_cache_miss_rd|252571494240|100.00||
  1149.922118240|5829837616||ll_cache_miss_rd|260061003640|100.00||
  1151.529608440|5739796341||ll_cache_miss_rd|256107502040|100.00||
  1153.133620000|5666475219||ll_cache_miss_rd|252762555320|100.00||
  1154.693699360|5608967515||ll_cache_miss_rd|250451422280|100.00||
  1156.273750400|5693588642||ll_cache_miss_rd|254298560480|100.00||
  1157.905670040|5763831805||ll_cache_miss_rd|257214070160|100.00||
  1159.425592440|5474114476||ll_cache_miss_rd|244513377840|100.00||
  1160.977743520|5527418237||ll_cache_miss_rd|246641722200|100.00||
  1162.505704280|5507703378||ll_cache_miss_rd|245941585440|100.00||
  1164.045703000|5549165090||ll_cache_miss_rd|247801713120|100.00||
  1165.613607800|5594732354||ll_cache_miss_rd|249848214040|100.00||
  1167.165619640|5586938678||ll_cache_miss_rd|249580518640|100.00||
  1168.777579960|5719436083||ll_cache_miss_rd|255531350080|100.00||
  1170.341585840|5688518353||ll_cache_miss_rd|254137375880|100.00||
  1171.929592400|5678047114||ll_cache_miss_rd|253696894160|100.00||
  1173.525690000|5735537493||ll_cache_miss_rd|256159191200|100.00||
  1175.129497400|5773381166||ll_cache_miss_rd|257655925000|100.00||
  1176.745455040|5688118391||ll_cache_miss_rd|253859223160|100.00||
  1178.289629640|5527445581||ll_cache_miss_rd|246721043920|100.00||
  1179.837493520|5587015038||ll_cache_miss_rd|249343593520|100.00||
  1181.413493040|5678390177||ll_cache_miss_rd|253538712200|100.00||
  1183.001604400|5679265389||ll_cache_miss_rd|253595274000|100.00||
  1184.589488600|5652864890||ll_cache_miss_rd|252051563960|100.00||
  1186.125522680|5523872836||ll_cache_miss_rd|246513213880|100.00||
  1187.681578760|5642328492||ll_cache_miss_rd|252017137880|100.00||
  1189.309622480|5780915758||ll_cache_miss_rd|257809746520|100.00||
  1190.873632160|5658159012||ll_cache_miss_rd|252479888200|100.00||
  1192.501639120|5747780701||ll_cache_miss_rd|256647380280|100.00||
  1194.061695680|5638860569||ll_cache_miss_rd|251758671480|100.00||
  1195.661698000|5745167095||ll_cache_miss_rd|256200857880|100.00||
  1197.273506280|5918852122||ll_cache_miss_rd|264073947000|100.00||
  1198.945551680|5865474801||ll_cache_miss_rd|262291789120|100.00||
  1200.549556800|5713531379||ll_cache_miss_rd|255257027640|100.00||
  1202.109444560|5688587154||ll_cache_miss_rd|254158873880|100.00||
  1203.745660120|5794204142||ll_cache_miss_rd|259109884360|100.00||
  1205.341603160|5706114913||ll_cache_miss_rd|255022798440|100.00||
  1206.953569840|5784426633||ll_cache_miss_rd|258311028760|100.00||
  1208.533544560|5648355700||ll_cache_miss_rd|252184743840|100.00||
  1210.125519680|5752188129||ll_cache_miss_rd|256369699120|100.00||
  1211.769611280|5819904998||ll_cache_miss_rd|259210047040|100.00||
  1213.321563840|5666088548||ll_cache_miss_rd|252982608800|100.00||
  1214.949750760|5702001776||ll_cache_miss_rd|253778510760|100.00||
  1216.481539800|5487818797||ll_cache_miss_rd|244826081400|100.00||
  1218.029526240|5590934496||ll_cache_miss_rd|249734326960|100.00||
  1219.597617760|5682213350||ll_cache_miss_rd|253371379640|100.00||
  1221.177706760|5586563618||ll_cache_miss_rd|249175910800|100.00||
  1222.709626560|5498639782||ll_cache_miss_rd|245504233880|100.00||
  1224.261685960|5568854462||ll_cache_miss_rd|248433324920|100.00||
  1225.813636920|5573249766||ll_cache_miss_rd|248862597960|100.00||
  1227.381748640|5635655488||ll_cache_miss_rd|251558386760|100.00||
  1228.929641400|5512450743||ll_cache_miss_rd|246020832040|100.00||
  1230.453501600|5546002592||ll_cache_miss_rd|247446676600|100.00||
  1232.053595240|5719536233||ll_cache_miss_rd|255529550240|100.00||
  1233.653571280|5699420369||ll_cache_miss_rd|254805473240|100.00||
  1235.217691760|5624838501||ll_cache_miss_rd|251162534160|100.00||
  1236.773794360|5495382664||ll_cache_miss_rd|245557863240|100.00||
  1238.313626800|5526440591||ll_cache_miss_rd|246902769840|100.00||
  1239.833545320|5458366765||ll_cache_miss_rd|243716267080|100.00||
  1241.393516520|5560601118||ll_cache_miss_rd|248627150880|100.00||
  1242.917537520|5494637707||ll_cache_miss_rd|245145852840|100.00||
  1244.501633440|5704281919||ll_cache_miss_rd|255167027440|100.00||
  1246.105546640|5700659584||ll_cache_miss_rd|254970691000|100.00||
  1247.661511520|5596198637||ll_cache_miss_rd|249853192160|100.00||
  1249.197613000|5484012693||ll_cache_miss_rd|244960077920|100.00||
  1250.749673640|5595812777||ll_cache_miss_rd|250052171800|100.00||
  1252.325587240|5673856104||ll_cache_miss_rd|253470018480|100.00||
  1253.937600560|5784768825||ll_cache_miss_rd|258322852320|100.00||
  1255.565708560|5793501774||ll_cache_miss_rd|258684241520|100.00||
  1257.149712880|5714271077||ll_cache_miss_rd|255339989160|100.00||
  1258.749587840|5748214457||ll_cache_miss_rd|256500598560|100.00||
  1260.353683960|5694061903||ll_cache_miss_rd|253864836200|100.00||
  1261.917461400|5634414268||ll_cache_miss_rd|251402569840|100.00||
  1263.501641280|5606880914||ll_cache_miss_rd|249897329560|100.00||
  1265.041624840|5592410212||ll_cache_miss_rd|249599655800|100.00||
  1266.625618640|5668060079||ll_cache_miss_rd|252813989560|100.00||
  1268.221574280|5632163895||ll_cache_miss_rd|251181706240|100.00||
  1269.717565080|5469613384||ll_cache_miss_rd|244236075080|100.00||
  1271.321689840|5695281174||ll_cache_miss_rd|253984618520|100.00||
  1272.881509480|5556371850||ll_cache_miss_rd|248123030440|100.00||
  1274.393599920|5442733441||ll_cache_miss_rd|242820819960|100.00||
  1275.929527800|5515406305||ll_cache_miss_rd|246180657160|100.00||
  1277.481500480|5543519962||ll_cache_miss_rd|247689145200|100.00||
  1279.009543920|5533882394||ll_cache_miss_rd|247072856560|100.00||
  1280.581580480|5593310486||ll_cache_miss_rd|249668423320|100.00||
  1282.129689200|5509722927||ll_cache_miss_rd|245987516760|100.00||
  1283.673653280|5620869156||ll_cache_miss_rd|250926767120|100.00||
  1285.269674600|5624822594||ll_cache_miss_rd|251380705800|100.00||
  1286.757592560|5408292648||ll_cache_miss_rd|241444510600|100.00||
  1288.317673480|5623213282||ll_cache_miss_rd|251156064760|100.00||
  1289.909598520|5582792680||ll_cache_miss_rd|249475722280|100.00||
  1291.441639880|5561513073||ll_cache_miss_rd|248455348240|100.00||
  1293.021712280|5702104621||ll_cache_miss_rd|254786886200|100.00||
  1294.621611960|5748360007||ll_cache_miss_rd|256805816720|100.00||
  1296.261687040|5743394206||ll_cache_miss_rd|256835001280|100.00||
  1297.797684160|5513657487||ll_cache_miss_rd|246426186400|100.00||
  1299.349563080|5568472417||ll_cache_miss_rd|248520676440|100.00||
  1300.889717120|5551123102||ll_cache_miss_rd|247754451440|100.00||
  1302.453701840|5637529606||ll_cache_miss_rd|251810592440|100.00||
  1304.049629480|5738747792||ll_cache_miss_rd|256191084240|100.00||
  1305.645643680|5682695937||ll_cache_miss_rd|253625366080|100.00||
  1307.193641720|5603311065||ll_cache_miss_rd|250017173840|100.00||
  1308.801508600|5676382590||ll_cache_miss_rd|253328755200|100.00||
  1310.345584600|5593842646||ll_cache_miss_rd|249444143800|100.00||
  1311.937603640|5764014719||ll_cache_miss_rd|256905192040|100.00||
  1313.565588040|5736958034||ll_cache_miss_rd|255548796760|100.00||
  1315.105637600|5491139905||ll_cache_miss_rd|244934584160|100.00||
  1316.609670520|5427659744||ll_cache_miss_rd|242271501760|100.00||
  1318.161490320|5560064790||ll_cache_miss_rd|248030870000|100.00||
  1319.709674400|5576006700||ll_cache_miss_rd|248824122080|100.00||
  1321.257792520|5522671266||ll_cache_miss_rd|246567637400|100.00||
  1322.785568840|5519216064||ll_cache_miss_rd|246422160840|100.00||
  1324.377643400|5708218826||ll_cache_miss_rd|254676195800|100.00||
  1325.965593520|5680971826||ll_cache_miss_rd|253479875840|100.00||
  1327.529674080|5574549978||ll_cache_miss_rd|248994956160|100.00||
  1329.093582360|5670652183||ll_cache_miss_rd|253037270920|100.00||
  1330.689561280|5686614455||ll_cache_miss_rd|253699333240|100.00||
  1332.249557640|5605969394||ll_cache_miss_rd|250585486120|100.00||
  1333.833502440|5645315996||ll_cache_miss_rd|252365225280|100.00||
  1335.369656720|5510389689||ll_cache_miss_rd|246204875880|100.00||
  1336.941592680|5569056207||ll_cache_miss_rd|248865025080|100.00||
  1338.445553080|5469001050||ll_cache_miss_rd|244056878720|100.00||
  1340.033607600|5666758520||ll_cache_miss_rd|253396607760|100.00||
  1341.589567200|5602106986||ll_cache_miss_rd|250263516320|100.00||
  1343.193505360|5734814563||ll_cache_miss_rd|256106989040|100.00||
  1344.785555160|5699902457||ll_cache_miss_rd|254390781840|100.00||
  1346.337855360|5559230611||ll_cache_miss_rd|248280078120|100.00||
  1347.917596040|5658803605||ll_cache_miss_rd|252833801160|100.00||
  1349.501608000|5690843682||ll_cache_miss_rd|253993074680|100.00||
  1351.085667720|5683755269||ll_cache_miss_rd|253491660600|100.00||
  1352.633548040|5590040852||ll_cache_miss_rd|249559622520|100.00||
  1354.245636160|5697645418||ll_cache_miss_rd|254354322840|100.00||
  1355.761502160|5507932936||ll_cache_miss_rd|245897569080|100.00||
  1357.353638760|5647917961||ll_cache_miss_rd|251911212600|100.00||
  1358.925554040|5699307464||ll_cache_miss_rd|254465709360|100.00||
  1360.517619520|5736689306||ll_cache_miss_rd|256215191280|100.00||
  1362.133636640|5756238677||ll_cache_miss_rd|256671862280|100.00||
  1363.749603320|5715377189||ll_cache_miss_rd|254561781240|100.00||
  1365.285598400|5497609723||ll_cache_miss_rd|245482487560|100.00||
  1366.817679840|5489623737||ll_cache_miss_rd|245016923920|100.00||
  1368.333737040|5495749618||ll_cache_miss_rd|245264717000|100.00||
  1369.917637560|5653995724||ll_cache_miss_rd|252309168240|100.00||
  1371.469572680|5578833520||ll_cache_miss_rd|249007451920|100.00||
  1373.037662680|5649958066||ll_cache_miss_rd|252009156080|100.00||
  1374.613716040|5608345671||ll_cache_miss_rd|250375192680|100.00||
  1376.157643200|5608168424||ll_cache_miss_rd|250336202160|100.00||
  1377.797591280|5835660633||ll_cache_miss_rd|260464092360|100.00||
  1379.381651880|5659711572||ll_cache_miss_rd|252796442400|100.00||
  1380.933493320|5594314985||ll_cache_miss_rd|250048890560|100.00||
  1382.513625720|5611077492||ll_cache_miss_rd|250780268360|100.00||
  1384.077548360|5557600035||ll_cache_miss_rd|248219351160|100.00||
  1385.641636520|5608900506||ll_cache_miss_rd|250632054760|100.00||
  1387.189642440|5562130532||ll_cache_miss_rd|248494679520|100.00||
  1388.753502840|5643105580||ll_cache_miss_rd|252029854360|100.00||
  1390.317722600|5626163930||ll_cache_miss_rd|251205869040|100.00||
  1391.933538240|5717526577||ll_cache_miss_rd|255356027880|100.00||
  1393.461483040|5545229096||ll_cache_miss_rd|247500314480|100.00||
  1395.061581400|5745851293||ll_cache_miss_rd|256587835520|100.00||
  1396.657629040|5720839263||ll_cache_miss_rd|255362941280|100.00||
  1398.273409160|5775459677||ll_cache_miss_rd|257888620480|100.00||
  1399.865675440|5709292519||ll_cache_miss_rd|254520711280|100.00||
  1401.441648280|5622960295||ll_cache_miss_rd|250932625040|100.00||
  1402.997654000|5620806498||ll_cache_miss_rd|250779564440|100.00||
  1404.597610400|5702262478||ll_cache_miss_rd|254251745520|100.00||
  1406.165624800|5620968644||ll_cache_miss_rd|250626109200|100.00||
  1407.745593040|5669892182||ll_cache_miss_rd|252867439800|100.00||
  1409.329507760|5685464911||ll_cache_miss_rd|253767940840|100.00||
  1410.893558640|5615417283||ll_cache_miss_rd|250655493400|100.00||
  1412.457563800|5654578103||ll_cache_miss_rd|252451759760|100.00||
  1414.081660280|5767032568||ll_cache_miss_rd|257440107680|100.00||
  1415.649743640|5624201637||ll_cache_miss_rd|251189283400|100.00||
  1417.221649200|5592233476||ll_cache_miss_rd|249825815880|100.00||
  1418.757787400|5484728957||ll_cache_miss_rd|244732048440|100.00||
  1420.313650880|5588512651||ll_cache_miss_rd|249449997520|100.00||
  1421.857602320|5561390438||ll_cache_miss_rd|248574528000|100.00||
  1423.461704800|5729391604||ll_cache_miss_rd|255991700960|100.00||
  1425.013540320|5547020299||ll_cache_miss_rd|247718527320|100.00||
  1426.565590240|5553619590||ll_cache_miss_rd|247866664760|100.00||
  1428.101611880|5576229853||ll_cache_miss_rd|249064168920|100.00||
  1429.713593520|5725461703||ll_cache_miss_rd|255961440400|100.00||
  1431.281473920|5707850284||ll_cache_miss_rd|254518274720|100.00||
  1432.889557360|5639684756||ll_cache_miss_rd|251925028320|100.00||
  1434.457687040|5631673245||ll_cache_miss_rd|251230970400|100.00||
  1435.993642680|5574652596||ll_cache_miss_rd|248792386520|100.00||
  1437.589603320|5715892511||ll_cache_miss_rd|255032845200|100.00||
  1439.189657680|5703867069||ll_cache_miss_rd|254534175880|100.00||
  1440.737543360|5531931691||ll_cache_miss_rd|247037568440|100.00||
  1442.297706520|5667555490||ll_cache_miss_rd|253311153760|100.00||
  1443.905583240|5646698095||ll_cache_miss_rd|251782447840|100.00||
  1445.421646040|5513284331||ll_cache_miss_rd|246262385280|100.00||
  1446.993603840|5536557503||ll_cache_miss_rd|246813463880|100.00||
  1448.489568480|5480446816||ll_cache_miss_rd|244749464560|100.00||
  1450.081543760|5658714238||ll_cache_miss_rd|252413009760|100.00||
  1451.613679240|5525918057||ll_cache_miss_rd|246683317320|100.00||
  1453.193643720|5569493396||ll_cache_miss_rd|248183758600|100.00||
  1454.689599720|5429217235||ll_cache_miss_rd|242395875960|100.00||
  1456.229532560|5484328220||ll_cache_miss_rd|244849517960|100.00||
  1457.777685120|5598719070||ll_cache_miss_rd|249845788280|100.00||
  1459.341664760|5583656204||ll_cache_miss_rd|249132174360|100.00||
  1460.885599840|5485266022||ll_cache_miss_rd|244887551640|100.00||
  1462.381620240|5396400061||ll_cache_miss_rd|240827796560|100.00||
  1463.929464320|5533120161||ll_cache_miss_rd|246885514400|100.00||
  1465.465527080|5542911767||ll_cache_miss_rd|247524082440|100.00||
  1467.025636800|5578501571||ll_cache_miss_rd|249091867000|100.00||
  1468.561671440|5575044031||ll_cache_miss_rd|248761793320|100.00||
  1470.153513600|5629272754||ll_cache_miss_rd|251302429600|100.00||
  1471.685523600|5510649697||ll_cache_miss_rd|245952301960|100.00||
  1473.237612760|5607671671||ll_cache_miss_rd|250346812200|100.00||
  1474.841534000|5677924040||ll_cache_miss_rd|253606451560|100.00||
  1476.365634080|5558755040||ll_cache_miss_rd|248108880800|100.00||
  1477.969655880|5643750257||ll_cache_miss_rd|252033911000|100.00||
  1479.477604440|5459024138||ll_cache_miss_rd|243788590320|100.00||
  1481.037651080|5536533770||ll_cache_miss_rd|247222107760|100.00||
  1482.573693080|5553259155||ll_cache_miss_rd|247905705440|100.00||
  1484.153537840|5675485314||ll_cache_miss_rd|253971919120|100.00||
  1485.745595120|5592215467||ll_cache_miss_rd|249740992600|100.00||
  1487.237615480|5422559537||ll_cache_miss_rd|242011730400|100.00||
  1488.777556520|5506220750||ll_cache_miss_rd|245882160040|100.00||
  1490.305645320|5474335007||ll_cache_miss_rd|244313539400|100.00||
  1491.837729560|5547956693||ll_cache_miss_rd|247825359960|100.00||
  1493.429578640|5648576758||ll_cache_miss_rd|252511109240|100.00||
  1494.945592280|5458403271||ll_cache_miss_rd|243603380200|100.00||
  1496.505591520|5600203664||ll_cache_miss_rd|250211871600|100.00||
  1498.089616680|5648131217||ll_cache_miss_rd|252527312280|100.00||
  1499.657651080|5620284511||ll_cache_miss_rd|250974559840|100.00||
  1501.213566360|5543373191||ll_cache_miss_rd|247354471600|100.00||
  1502.757602080|5556952635||ll_cache_miss_rd|248242303680|100.00||
  1504.313617360|5602894936||ll_cache_miss_rd|250193257600|100.00||
  1505.889647360|5644991942||ll_cache_miss_rd|251873842840|100.00||
  1507.477613760|5734477420||ll_cache_miss_rd|255903909200|100.00||
  1509.061720040|5690652173||ll_cache_miss_rd|253975942240|100.00||
  1510.689639600|5785583286||ll_cache_miss_rd|257869817320|100.00||
  1512.241550960|5628418826||ll_cache_miss_rd|251220359400|100.00||
  1513.857604600|5718161240||ll_cache_miss_rd|254673765920|100.00||
  1515.409578960|5598270867||ll_cache_miss_rd|249754642800|100.00||
  1516.989612360|5646383307||ll_cache_miss_rd|251774790480|100.00||
  1518.533560320|5507919676||ll_cache_miss_rd|245739606920|100.00||
  1520.077599160|5567613938||ll_cache_miss_rd|248595294160|100.00||
  1521.657625120|5640803060||ll_cache_miss_rd|251866872400|100.00||
  1523.221678480|5645198035||ll_cache_miss_rd|252270166480|100.00||
  1524.785596840|5588224828||ll_cache_miss_rd|249332984080|100.00||
  1526.361617440|5632762038||ll_cache_miss_rd|251387129680|100.00||
  1527.897724200|5512577613||ll_cache_miss_rd|246007933360|100.00||
  1529.457602160|5716554628||ll_cache_miss_rd|255316639600|100.00||
  1531.113581240|5843928662||ll_cache_miss_rd|261181432360|100.00||
  1532.717563440|5750206986||ll_cache_miss_rd|257010944520|100.00||
  1534.329711800|5783219799||ll_cache_miss_rd|258472452200|100.00||
  1535.953618280|5814048087||ll_cache_miss_rd|259767088160|100.00||
  1537.573474800|5787796227||ll_cache_miss_rd|258896526560|100.00||
  1539.161580680|5629463629||ll_cache_miss_rd|251510667160|100.00||
  1540.697543400|5520558468||ll_cache_miss_rd|246388319040|100.00||
  1542.261405920|5620187707||ll_cache_miss_rd|250776651960|100.00||
  1543.837494720|5670561371||ll_cache_miss_rd|253024554920|100.00||
  1545.433529520|5690659003||ll_cache_miss_rd|253939852920|100.00||
  1547.017545960|5731922390||ll_cache_miss_rd|255693362880|100.00||
  1548.629468640|5661797483||ll_cache_miss_rd|252371073960|100.00||
  1550.113384120|5351017370||ll_cache_miss_rd|239093275560|100.00||
  1551.657466560|5738438624||ll_cache_miss_rd|256168044880|100.00||
  1553.341654000|5834610827||ll_cache_miss_rd|259596774480|100.00||
  1554.893610800|5607939355||ll_cache_miss_rd|250407300640|100.00||
  1556.481683840|5645869079||ll_cache_miss_rd|251766231360|100.00||
  1558.013468760|5535834525||ll_cache_miss_rd|247289267520|100.00||
  1559.577522920|5547477532||ll_cache_miss_rd|247782967200|100.00||
  1561.105525480|5467938811||ll_cache_miss_rd|244218965600|100.00||
  1562.641628440|5564311334||ll_cache_miss_rd|248333457040|100.00||
  1564.213480520|5617083850||ll_cache_miss_rd|250534145520|100.00||
  1565.753573280|5532675341||ll_cache_miss_rd|246927782720|100.00||
  1567.317581480|5654671808||ll_cache_miss_rd|252407248480|100.00||
  1568.917506720|5685819115||ll_cache_miss_rd|253629152880|100.00||
  1570.445434160|5493001330||ll_cache_miss_rd|245373009040|100.00||
  1571.993605040|5488181259||ll_cache_miss_rd|245098906000|100.00||
  1573.525429560|5482848758||ll_cache_miss_rd|244990451880|100.00||
  1575.065477880|5588428768||ll_cache_miss_rd|249316509600|100.00||
  1576.641450840|5674579245||ll_cache_miss_rd|253228701240|100.00||
  1578.205443000|5532083353||ll_cache_miss_rd|247139610440|100.00||
  1579.737507280|5491677739||ll_cache_miss_rd|245042759920|100.00||
  1581.257504080|5488345938||ll_cache_miss_rd|245089754240|100.00||
  1582.833409240|5590774913||ll_cache_miss_rd|249805229240|100.00||
  1584.353422040|5448456012||ll_cache_miss_rd|243267873200|100.00||
  1585.897541160|5557416150||ll_cache_miss_rd|248217312560|100.00||
  1587.445508440|5503039741||ll_cache_miss_rd|245899655200|100.00||
  1588.933605520|5384343968||ll_cache_miss_rd|240328265480|100.00||
  1590.513694240|5642430079||ll_cache_miss_rd|252399694120|100.00||
  1592.073614720|5610123364||ll_cache_miss_rd|250584190160|100.00||
  1593.653596160|5738716131||ll_cache_miss_rd|256010617520|100.00||
  1595.273581760|5763312537||ll_cache_miss_rd|257277811320|100.00||
  1596.869412840|5714284011||ll_cache_miss_rd|254798356440|100.00||
  1598.433502640|5600314971||ll_cache_miss_rd|249948237640|100.00||
  1600.025400600|5752483749||ll_cache_miss_rd|256694017720|100.00||
  1601.609474280|5643238732||ll_cache_miss_rd|251969819040|100.00||
  1603.157509640|5502545014||ll_cache_miss_rd|245671571920|100.00||
  1604.689472200|5561723125||ll_cache_miss_rd|248267626080|100.00||
  1606.301488880|5709183353||ll_cache_miss_rd|254633243520|100.00||
  1607.853474480|5617257595||ll_cache_miss_rd|250652827320|100.00||
  1609.449476200|5700541205||ll_cache_miss_rd|254303710120|100.00||
  1611.025606880|5593603867||ll_cache_miss_rd|249261670120|100.00||
  1612.537478160|5491452549||ll_cache_miss_rd|245254752160|100.00||
  1614.145479400|5724929489||ll_cache_miss_rd|255647165760|100.00||
  1615.685559520|5559917219||ll_cache_miss_rd|248041570560|100.00||
  1617.253483240|5610297877||ll_cache_miss_rd|250137508600|100.00||
  1618.801518760|5547564190||ll_cache_miss_rd|247630631840|100.00||
  1620.361599120|5615661570||ll_cache_miss_rd|250414225560|100.00||
  1621.913624400|5584574401||ll_cache_miss_rd|249325464400|100.00||
  1623.489571040|5608045490||ll_cache_miss_rd|250229583240|100.00||
  1625.053515080|5585613447||ll_cache_miss_rd|249229980440|100.00||
  1626.609476800|5535982662||ll_cache_miss_rd|246851793560|100.00||
  1628.101525800|5339621365||ll_cache_miss_rd|238457640600|100.00||
  1629.621641440|5526627438||ll_cache_miss_rd|246688933280|100.00||
  1631.197504640|5666501878||ll_cache_miss_rd|253197404280|100.00||
  1632.777522520|5617390185||ll_cache_miss_rd|250827120960|100.00||
  1634.293615080|5446592046||ll_cache_miss_rd|243150942600|100.00||
  1635.825470480|5515895807||ll_cache_miss_rd|246321175320|100.00||
  1637.413605200|5644176140||ll_cache_miss_rd|252027779200|100.00||
  1638.961457360|5549029576||ll_cache_miss_rd|247831015200|100.00||
  1640.509404160|5556826865||ll_cache_miss_rd|248035939480|100.00||
  1642.065587600|5577155959||ll_cache_miss_rd|249054599440|100.00||
  1643.617535080|5584580091||ll_cache_miss_rd|249566701520|100.00||
  1645.185779200|5673170638||ll_cache_miss_rd|253376665160|100.00||
  1646.797469280|5721058343||ll_cache_miss_rd|255492836360|100.00||
  1648.357560480|5562273837||ll_cache_miss_rd|248417972960|100.00||
  1649.893882320|5608473665||ll_cache_miss_rd|250438621480|100.00||
  1651.521441400|5763681582||ll_cache_miss_rd|257234880960|100.00||
  1653.097585640|5682203824||ll_cache_miss_rd|253900144680|100.00||
  1654.673600800|5607482353||ll_cache_miss_rd|250350195800|100.00||
  1656.265563440|5716584103||ll_cache_miss_rd|255521802240|100.00||
  1657.849702400|5650777258||ll_cache_miss_rd|252246697800|100.00||
  1659.401717240|5492770877||ll_cache_miss_rd|244743118920|100.00||
  1660.929698080|5566268267||ll_cache_miss_rd|248745056080|100.00||
  1662.513718280|5636389565||ll_cache_miss_rd|251398378120|100.00||
  1664.061595920|5557052766||ll_cache_miss_rd|247904899840|100.00||
  1665.585550440|5447390398||ll_cache_miss_rd|243117982360|100.00||
  1667.093619400|5446272774||ll_cache_miss_rd|243080431800|100.00||
  1668.665577520|5540404601||ll_cache_miss_rd|246954824280|100.00||
  1670.137444320|5371532334||ll_cache_miss_rd|239973019400|100.00||
  1671.705583560|5654135439||ll_cache_miss_rd|252305930640|100.00||
  1673.309587440|5675938522||ll_cache_miss_rd|253381012880|100.00||
  1674.849613640|5513911283||ll_cache_miss_rd|246131648520|100.00||
  1676.389656720|5553249499||ll_cache_miss_rd|248021177760|100.00||
  1677.957574680|5638339152||ll_cache_miss_rd|251848452120|100.00||
  1679.525643800|5621051372||ll_cache_miss_rd|250874521480|100.00||
  1681.089614480|5591218772||ll_cache_miss_rd|249659897880|100.00||
  1682.665838720|5666261604||ll_cache_miss_rd|252970260600|100.00||
  1684.245574760|5667771565||ll_cache_miss_rd|253112885520|100.00||
  1685.817713880|5540044390||ll_cache_miss_rd|247163582480|100.00||
  1687.321569920|5438394344||ll_cache_miss_rd|242480266640|100.00||
  1688.849741800|5422399186||ll_cache_miss_rd|242066533760|100.00||
  1690.349698400|5503206647||ll_cache_miss_rd|245650138640|100.00||
  1691.933694160|5625599029||ll_cache_miss_rd|251297102480|100.00||
  1693.509645360|5656420532||ll_cache_miss_rd|252938182520|100.00||
  1695.081623000|5661762867||ll_cache_miss_rd|252934411960|100.00||
  1696.673679800|5643309587||ll_cache_miss_rd|252084627080|100.00||
  1698.205731960|5414721857||ll_cache_miss_rd|241336539840|100.00||
  1699.689660240|5418901371||ll_cache_miss_rd|241777358640|100.00||
  1701.245641120|5592467270||ll_cache_miss_rd|249921118720|100.00||
  1702.837583560|5758997406||ll_cache_miss_rd|257598234320|100.00||
  1704.469686200|5803985212||ll_cache_miss_rd|259420342400|100.00||
  1706.097597360|5786448542||ll_cache_miss_rd|258496055240|100.00||
  1707.621538240|5458898332||ll_cache_miss_rd|243687775280|100.00||
  1709.189476560|5676527708||ll_cache_miss_rd|253303488520|100.00||
  1710.797448640|5766867239||ll_cache_miss_rd|257271069480|100.00||
  1712.381434440|5727368727||ll_cache_miss_rd|255435167200|100.00||
  1714.005517360|5733371789||ll_cache_miss_rd|255573538560|100.00||
  1715.573540280|5572304533||ll_cache_miss_rd|248419175080|100.00||
  1717.093489000|5479397902||ll_cache_miss_rd|244593588800|100.00||
  1718.653543080|5617892677||ll_cache_miss_rd|250608394480|100.00||
  1720.233619440|5675727254||ll_cache_miss_rd|253261100280|100.00||
  1721.817585240|5641770598||ll_cache_miss_rd|251539926880|100.00||
  1723.373739680|5634970927||ll_cache_miss_rd|251583425160|100.00||
  1724.953528640|5635647079||ll_cache_miss_rd|251487115280|100.00||
  1726.493553960|5504246066||ll_cache_miss_rd|245593904600|100.00||
  1728.037618920|5555660702||ll_cache_miss_rd|247971250280|100.00||
  1729.605512120|5588692274||ll_cache_miss_rd|249416824200|100.00||
  1731.133566520|5514702479||ll_cache_miss_rd|245964748840|100.00||
  1732.697643520|5665643730||ll_cache_miss_rd|252975555160|100.00||
  1734.293673400|5657195757||ll_cache_miss_rd|252618241560|100.00||
  1735.853682080|5650030713||ll_cache_miss_rd|252101785680|100.00||
  1737.453594640|5658819802||ll_cache_miss_rd|252875549720|100.00||
  1738.993626600|5543046751||ll_cache_miss_rd|247587918760|100.00||
  1740.573576800|5649528419||ll_cache_miss_rd|252366534400|100.00||
  1742.141667560|5531984430||ll_cache_miss_rd|247249970960|100.00||
  1743.645608320|5547373129||ll_cache_miss_rd|247228905280|100.00||
  1745.261603400|5731956396||ll_cache_miss_rd|256180839800|100.00||
  1746.833591840|5637570738||ll_cache_miss_rd|251570668480|100.00||
  1748.409561080|5707515600||ll_cache_miss_rd|255037002400|100.00||
  1750.049713280|5886329260||ll_cache_miss_rd|262755172560|100.00||
  1751.693677880|5888951504||ll_cache_miss_rd|262663379800|100.00||
  1753.301615320|5718719582||ll_cache_miss_rd|255314720440|100.00||
  1754.889606040|5648108895||ll_cache_miss_rd|251814294120|100.00||
  1756.433604840|5592732794||ll_cache_miss_rd|249705813960|100.00||
  1758.037577680|5662588334||ll_cache_miss_rd|252315944600|100.00||
  1759.549575680|5473259974||ll_cache_miss_rd|244255482320|100.00||
  1761.101614960|5497326464||ll_cache_miss_rd|245145364400|100.00||
  1762.609665160|5458640712||ll_cache_miss_rd|243853627800|100.00||
  1764.153568240|5510911129||ll_cache_miss_rd|245782678720|100.00||
  1765.685507320|5504826624||ll_cache_miss_rd|245762705280|100.00||
  1767.237616520|5545604872||ll_cache_miss_rd|247521846640|100.00||
  1768.785658720|5563141859||ll_cache_miss_rd|248229961520|100.00||
  1770.321607160|5535664313||ll_cache_miss_rd|247153806800|100.00||
  1771.893685040|5622186198||ll_cache_miss_rd|250976145000|100.00||
  1773.445591960|5576697484||ll_cache_miss_rd|248890017040|100.00||
  1775.009595240|5566505957||ll_cache_miss_rd|248275332120|100.00||
  1776.529560480|5458819901||ll_cache_miss_rd|243780749880|100.00||
  1778.097612960|5667918981||ll_cache_miss_rd|252990974840|100.00||
  1779.657604800|5562643171||ll_cache_miss_rd|248223754360|100.00||
  1781.201513160|5565616193||ll_cache_miss_rd|248432737040|100.00||
  1782.789593800|5713598316||ll_cache_miss_rd|254937286440|100.00||
  1784.365547000|5590008912||ll_cache_miss_rd|249524488840|100.00||
  1785.913613720|5610781488||ll_cache_miss_rd|250616185480|100.00||
  1787.501662160|5657042784||ll_cache_miss_rd|252761007920|100.00||
  1789.057663760|5599510840||ll_cache_miss_rd|250043817640|100.00||
  1790.637604080|5623899847||ll_cache_miss_rd|251328916280|100.00||
  1792.213814520|5716488791||ll_cache_miss_rd|255491082000|100.00||
  1793.829613360|5697241699||ll_cache_miss_rd|254700192440|100.00||
  1795.373713560|5530510787||ll_cache_miss_rd|246938388480|100.00||
  1796.929587720|5574557025||ll_cache_miss_rd|249138170520|100.00||
  1798.497656560|5588554335||ll_cache_miss_rd|249712666640|100.00||
  1800.021665120|5535184682||ll_cache_miss_rd|247134366000|100.00||
  1801.625545440|5754922843||ll_cache_miss_rd|256940321080|100.00||
  1803.221587840|5695413883||ll_cache_miss_rd|254529409160|100.00||
  1804.809580520|5650063776||ll_cache_miss_rd|252325112440|100.00||
  1806.341624160|5509198132||ll_cache_miss_rd|245747577160|100.00||
  1807.925640360|5697250398||ll_cache_miss_rd|254541078640|100.00||
  1809.485601760|5565263673||ll_cache_miss_rd|248459832920|100.00||
  1811.045615240|5644635125||ll_cache_miss_rd|252040646920|100.00||
  1812.629621520|5637460580||ll_cache_miss_rd|251497566520|100.00||
  1814.193508920|5569671907||ll_cache_miss_rd|248435531120|100.00||
  1815.697579840|5376581090||ll_cache_miss_rd|239728751480|100.00||
  1817.229626240|5533524097||ll_cache_miss_rd|246963216240|100.00||
  1818.809573040|5606979413||ll_cache_miss_rd|250000594080|100.00||
  1820.345642880|5534892169||ll_cache_miss_rd|247090499800|100.00||
  1821.881645800|5503037695||ll_cache_miss_rd|245736357880|100.00||
  1823.421520400|5524579143||ll_cache_miss_rd|246549761680|100.00||
  1824.957594840|5476219205||ll_cache_miss_rd|244312041520|100.00||
  1826.445670680|5416043511||ll_cache_miss_rd|241934673400|100.00||
  1828.017547400|5629322012||ll_cache_miss_rd|251281157200|100.00||
  1829.569550000|5528856007||ll_cache_miss_rd|246529272480|100.00||
  1831.093564000|5482482777||ll_cache_miss_rd|244782691080|100.00||
  1832.649710480|5587093959||ll_cache_miss_rd|249432052720|100.00||
  1834.221664960|5632447846||ll_cache_miss_rd|251509618920|100.00||
  1835.769658600|5575196322||ll_cache_miss_rd|249003273600|100.00||
  1837.341644640|5630507089||ll_cache_miss_rd|251369601400|100.00||
  1838.937645680|5661093091||ll_cache_miss_rd|252682460920|100.00||
  1840.497666920|5615817984||ll_cache_miss_rd|251046371840|100.00||
  1842.049713520|5600841273||ll_cache_miss_rd|250209888040|100.00||
  1843.625643880|5633214051||ll_cache_miss_rd|251556537400|100.00||
  1845.177546480|5549662453||ll_cache_miss_rd|247954962480|100.00||
  1846.753716640|5607788783||ll_cache_miss_rd|250593285240|100.00||
  1848.285621280|5504206456||ll_cache_miss_rd|245495271120|100.00||
  1849.845556640|5581850016||ll_cache_miss_rd|249468617840|100.00||
  1851.393602600|5521574004||ll_cache_miss_rd|246466528360|100.00||
  1852.929566200|5563671129||ll_cache_miss_rd|248431655480|100.00||
  1854.513680440|5641253649||ll_cache_miss_rd|252001220480|100.00||
  1856.089557000|5661876253||ll_cache_miss_rd|252875735080|100.00||
  1857.641614800|5564348492||ll_cache_miss_rd|248478815200|100.00||
  1859.209593120|5621692224||ll_cache_miss_rd|251013470480|100.00||
  1860.765721840|5610146080||ll_cache_miss_rd|250584151920|100.00||
  1862.385538440|5790687782||ll_cache_miss_rd|258208891560|100.00||
  1863.977640040|5739950279||ll_cache_miss_rd|256075714120|100.00||
  1865.577558800|5705940630||ll_cache_miss_rd|254382486240|100.00||
  1867.153674400|5634634656||ll_cache_miss_rd|251437798800|100.00||
  1868.721501840|5556475321||ll_cache_miss_rd|247851981960|100.00||
  1870.221632960|5399859598||ll_cache_miss_rd|241168336240|100.00||
  1871.753577880|5521624447||ll_cache_miss_rd|246512215080|100.00||
  1873.309661680|5597675415||ll_cache_miss_rd|249564949040|100.00||
  1874.869587560|5578096513||ll_cache_miss_rd|248790753120|100.00||
  1876.421615640|5536549301||ll_cache_miss_rd|247240734320|100.00||
  1877.977570720|5585366158||ll_cache_miss_rd|249146126880|100.00||
  1879.541582600|5612171500||ll_cache_miss_rd|250460934040|100.00||
  1881.049675160|5415030679||ll_cache_miss_rd|241700861800|100.00||
  1882.609796720|5650758484||ll_cache_miss_rd|252247864960|100.00||
  1884.225639200|5681231097||ll_cache_miss_rd|253521979120|100.00||
  1885.733796280|5469982656||ll_cache_miss_rd|244078164440|100.00||
  1887.309483240|5597216274||ll_cache_miss_rd|250076263320|100.00||
  1888.833685200|5496689969||ll_cache_miss_rd|245307402280|100.00||
  1890.349643840|5433468999||ll_cache_miss_rd|242492901200|100.00||
  1891.901602200|5576878777||ll_cache_miss_rd|249105641240|100.00||
  1893.501789240|5785398355||ll_cache_miss_rd|258313719120|100.00||
  1895.113729680|5789908285||ll_cache_miss_rd|258369964080|100.00||
  1896.721509320|5644134700||ll_cache_miss_rd|252423543280|100.00||
  1898.245722240|5528619506||ll_cache_miss_rd|246808123360|100.00||
  1899.825645000|5634549013||ll_cache_miss_rd|251555171400|100.00||
  1901.397662600|5613113237||ll_cache_miss_rd|250819753520|100.00||
  1902.933573800|5509009480||ll_cache_miss_rd|246133965600|100.00||
  1904.481608720|5592858795||ll_cache_miss_rd|250026763720|100.00||
  1906.053642880|5621376469||ll_cache_miss_rd|250707652480|100.00||
  1907.625651520|5641146349||ll_cache_miss_rd|252202465560|100.00||
  1909.181508720|5613498051||ll_cache_miss_rd|250699756880|100.00||
  1910.793649720|5768357840||ll_cache_miss_rd|257875542520|100.00||
  1912.413574120|5807077538||ll_cache_miss_rd|258624033040|100.00||
  1914.001444200|5722263688||ll_cache_miss_rd|254710768440|100.00||
  1915.617534840|5765494348||ll_cache_miss_rd|257041527240|100.00||
  1917.197419480|5711855331||ll_cache_miss_rd|254662433440|100.00||
  1918.821483640|5818941910||ll_cache_miss_rd|259589136600|100.00||
  1920.425433520|5678526189||ll_cache_miss_rd|253499332040|100.00||
  1922.013661520|5682959917||ll_cache_miss_rd|253475147600|100.00||
  1923.593582920|5676004534||ll_cache_miss_rd|253276195560|100.00||
  1925.173720280|5694577077||ll_cache_miss_rd|254260094720|100.00||
  1926.777627280|5786057593||ll_cache_miss_rd|257933279760|100.00||
  1928.361799720|5598735785||ll_cache_miss_rd|249801222280|100.00||
  1929.889649720|5498736072||ll_cache_miss_rd|245653089320|100.00||
  1931.493604000|5765611410||ll_cache_miss_rd|257057147000|100.00||
  1933.085611880|5728446287||ll_cache_miss_rd|255709881160|100.00||
  1934.657642960|5578955801||ll_cache_miss_rd|249041683400|100.00||
  1936.217596640|5642400971||ll_cache_miss_rd|252220331480|100.00||
  1937.793616240|5639545125||ll_cache_miss_rd|252143326640|100.00||
  1939.373812120|5589582527||ll_cache_miss_rd|249725502680|100.00||
  1940.897768840|5482221627||ll_cache_miss_rd|244778078960|100.00||
  1942.477615720|5652129256||ll_cache_miss_rd|252722020920|100.00||
  1944.045666200|5724032555||ll_cache_miss_rd|255697102720|100.00||
  1945.669569480|5801228228||ll_cache_miss_rd|259031292400|100.00||
  1947.273652800|5715539043||ll_cache_miss_rd|255126429400|100.00||
  1948.877540880|5722678939||ll_cache_miss_rd|255403609400|100.00||
  1950.445482200|5665416683||ll_cache_miss_rd|252948200760|100.00||
  1952.037414280|5737917081||ll_cache_miss_rd|255951235120|100.00||
  1953.665567400|5758874365||ll_cache_miss_rd|256656267520|100.00||
  1955.209552640|5555677005||ll_cache_miss_rd|247943890520|100.00||
  1956.785475040|5604848194||ll_cache_miss_rd|250211259720|100.00||
  1958.337478840|5565245344||ll_cache_miss_rd|248182842080|100.00||
  1959.885556200|5544562069||ll_cache_miss_rd|247369897720|100.00||
  1961.433549520|5591898516||ll_cache_miss_rd|249710123320|100.00||
  1963.001435080|5632001838||ll_cache_miss_rd|251198197880|100.00||
  1964.609502560|5692726536||ll_cache_miss_rd|254065903600|100.00||
  1966.125695360|5521448984||ll_cache_miss_rd|246723667360|100.00||
  1967.717527840|5604302193||ll_cache_miss_rd|249993780520|100.00||
  1969.213638200|5419777093||ll_cache_miss_rd|242086147040|100.00||
  1970.757478480|5570237134||ll_cache_miss_rd|248796780440|100.00||
  1972.353605280|5718536276||ll_cache_miss_rd|255298578480|100.00||
  1973.949626840|5745365334||ll_cache_miss_rd|256933252440|100.00||
  1975.557638200|5607215388||ll_cache_miss_rd|250361886320|100.00||
  1977.069634640|5503842449||ll_cache_miss_rd|245666446280|100.00||
  1978.649611400|5714160950||ll_cache_miss_rd|255859328080|100.00||
  1980.273719160|5690492682||ll_cache_miss_rd|254777334640|100.00||
  1981.801577600|5514129756||ll_cache_miss_rd|246117917120|100.00||
  1983.361597520|5577803666||ll_cache_miss_rd|249043304040|100.00||
  1984.925606560|5578671391||ll_cache_miss_rd|249559892840|100.00||
  1986.469550600|5648509635||ll_cache_miss_rd|252299022760|100.00||
  1988.101537440|5742702658||ll_cache_miss_rd|256546672480|100.00||
  1989.637616640|5557144744||ll_cache_miss_rd|248232931440|100.00||
  1991.241619640|5779466499||ll_cache_miss_rd|257779421520|100.00||
  1992.837676040|5697818387||ll_cache_miss_rd|254123324040|100.00||
  1994.425562600|5695899042||ll_cache_miss_rd|254290465440|100.00||
  1996.053629400|5859564851||ll_cache_miss_rd|261434339280|100.00||
  1997.693605960|5814850410||ll_cache_miss_rd|258980067760|100.00||
  1999.277663800|5680018799||ll_cache_miss_rd|253380677160|100.00||
  2000.845620920|5619574428||ll_cache_miss_rd|250546255000|100.00||
  2002.389526120|5555997619||ll_cache_miss_rd|247935409120|100.00||
  2003.961658800|5621616413||ll_cache_miss_rd|250903067200|100.00||
  2005.521597680|5579901116||ll_cache_miss_rd|248934199680|100.00||
  2007.093596880|5685049551||ll_cache_miss_rd|253700608200|100.00||
  2008.673658280|5596343815||ll_cache_miss_rd|249850774520|100.00||
  2010.185568040|5494362705||ll_cache_miss_rd|245235334240|100.00||
  2011.741617960|5550598887||ll_cache_miss_rd|247938321920|100.00||
  2013.309619960|5698556072||ll_cache_miss_rd|254578068200|100.00||
  2014.961606240|5906958816||ll_cache_miss_rd|263657464760|100.00||
  2016.601686800|5815783594||ll_cache_miss_rd|259763288040|100.00||
  2018.157594120|5520403477||ll_cache_miss_rd|246712419440|100.00||
  2019.701568600|5554174100||ll_cache_miss_rd|247908684160|100.00||
  2021.241629400|5508639130||ll_cache_miss_rd|246158856120|100.00||
  2022.793571880|5547937156||ll_cache_miss_rd|248052018840|100.00||
  2024.337548520|5548177923||ll_cache_miss_rd|247821294880|100.00||
  2025.889611080|5729244424||ll_cache_miss_rd|255890182560|100.00||
  2027.533616000|5763309400||ll_cache_miss_rd|257369878280|100.00||
  2029.101496720|5576045361||ll_cache_miss_rd|248997738280|100.00||
  2030.649561440|5620198798||ll_cache_miss_rd|250930612360|100.00||
  2032.249562920|5684315279||ll_cache_miss_rd|253879734920|100.00||
  2033.837487520|5682037585||ll_cache_miss_rd|253641892960|100.00||
  2035.405431080|5691717035||ll_cache_miss_rd|254013088840|100.00||
  2037.025566800|5676399104||ll_cache_miss_rd|253215465040|100.00||
  2038.549563840|5499756285||ll_cache_miss_rd|245640840320|100.00||
  2040.101486960|5579335771||ll_cache_miss_rd|248912018760|100.00||
  2041.661409040|5542561730||ll_cache_miss_rd|247211351280|100.00||
  2043.177496040|5463362209||ll_cache_miss_rd|243938987760|100.00||
  2044.709516760|5488531532||ll_cache_miss_rd|244869768680|100.00||
  2046.257523400|5560741755||ll_cache_miss_rd|247962229480|100.00||
  2047.809548760|5520182002||ll_cache_miss_rd|246207008280|100.00||
  2049.297576920|5391698251||ll_cache_miss_rd|240875252280|100.00||
  2050.857618360|5595195534||ll_cache_miss_rd|249496081280|100.00||
  2052.397525520|5506711743||ll_cache_miss_rd|245881308200|100.00||
  2053.957524960|5542200790||ll_cache_miss_rd|247412894520|100.00||
  2055.461522240|5471400399||ll_cache_miss_rd|244344867440|100.00||
  2057.037516520|5630099864||ll_cache_miss_rd|251135969240|100.00||
  2058.609500560|5601299734||ll_cache_miss_rd|249996122000|100.00||
  2060.153487400|5589882431||ll_cache_miss_rd|249548147560|100.00||
  2061.701577360|5463775764||ll_cache_miss_rd|243991450280|100.00||
  2063.213495680|5448887431||ll_cache_miss_rd|243341563400|100.00||
  2064.745553280|5512252529||ll_cache_miss_rd|245947395560|100.00||
  2066.293543320|5561181051||ll_cache_miss_rd|248205113920|100.00||
  2067.845703160|5569700587||ll_cache_miss_rd|248747705680|100.00||
  2069.409621880|5578831041||ll_cache_miss_rd|248966461240|100.00||
  2070.937558320|5515896444||ll_cache_miss_rd|246279959200|100.00||
  2072.501539360|5604669672||ll_cache_miss_rd|250126661200|100.00||
  2074.081568120|5731202707||ll_cache_miss_rd|256048679360|100.00||
  2075.697639720|5718921183||ll_cache_miss_rd|255688385840|100.00||
  2077.281619240|5673719502||ll_cache_miss_rd|253568166280|100.00||
  2078.857559840|5602276857||ll_cache_miss_rd|250417575920|100.00||
  2080.397413560|5573804666||ll_cache_miss_rd|249072041400|100.00||
  2082.013519600|5795854763||ll_cache_miss_rd|259214585840|100.00||
  2083.593427800|5643870067||ll_cache_miss_rd|252007784240|100.00||
  2085.185649720|5660833690||ll_cache_miss_rd|252765886520|100.00||
  2086.713436360|5504838542||ll_cache_miss_rd|245695529600|100.00||
  2088.273599480|5529900520||ll_cache_miss_rd|246862844120|100.00||
  2089.789492200|5477177856||ll_cache_miss_rd|244812173280|100.00||
  2091.357582680|5694626482||ll_cache_miss_rd|254210268000|100.00||
  2092.961547360|5688462861||ll_cache_miss_rd|254002918760|100.00||
  2094.533736480|5671851998||ll_cache_miss_rd|253243566120|100.00||
  2096.141612800|5710733869||ll_cache_miss_rd|254904121880|100.00||
  2097.709797560|5609771777||ll_cache_miss_rd|250118261000|100.00||
  2099.273531040|5552062744||ll_cache_miss_rd|247607748760|100.00||
  2100.781584000|5424021022||ll_cache_miss_rd|242216257840|100.00||
  2102.297728640|5459719058||ll_cache_miss_rd|243617768720|100.00||
  2103.857577000|5547174905||ll_cache_miss_rd|247635861120|100.00||
  2105.353522960|5393773286||ll_cache_miss_rd|240752860320|100.00||
  2106.873410440|5421158356||ll_cache_miss_rd|241922490680|100.00||
  2108.385381360|5479676690||ll_cache_miss_rd|244805801640|100.00||
  2109.953623960|5593583606||ll_cache_miss_rd|249633456600|100.00||
  2111.501525440|5579196904||ll_cache_miss_rd|248986209960|100.00||
  2113.053636360|5568455322||ll_cache_miss_rd|248566010920|100.00||
  2114.625439960|5658869876||ll_cache_miss_rd|252705419000|100.00||
  2116.213467400|5663307474||ll_cache_miss_rd|252835321800|100.00||
  2117.797610480|5676922425||ll_cache_miss_rd|253546417680|100.00||
  2119.365506480|5644364643||ll_cache_miss_rd|252139558400|100.00||
  2120.957546960|5671636606||ll_cache_miss_rd|253276708360|100.00||
  2122.509639880|5559246223||ll_cache_miss_rd|248255398040|100.00||
  2124.065708800|5671578216||ll_cache_miss_rd|253176283200|100.00||
  2125.709716560|5798079239||ll_cache_miss_rd|258979897960|100.00||
  2127.281744720|5606513217||ll_cache_miss_rd|250518072360|100.00||
  2128.833718000|5587063834||ll_cache_miss_rd|249650075240|100.00||
  2130.405558560|5646821919||ll_cache_miss_rd|252088105400|100.00||
  2131.981628680|5636364878||ll_cache_miss_rd|251826332520|100.00||
  2133.557538080|5655066396||ll_cache_miss_rd|252760035680|100.00||
  2135.145679160|5754507289||ll_cache_miss_rd|257104756680|100.00||
  2136.773632120|5799263182||ll_cache_miss_rd|258753686280|100.00||
  2138.373442720|5635270909||ll_cache_miss_rd|251592180560|100.00||
  2139.881428280|5474764598||ll_cache_miss_rd|244334431720|100.00||
  2141.457585200|5660700645||ll_cache_miss_rd|252721696720|100.00||
  2143.049423240|5683529809||ll_cache_miss_rd|253693543480|100.00||
  2144.621525880|5702363141||ll_cache_miss_rd|254325064080|100.00||
  2146.233417840|5697361565||ll_cache_miss_rd|253894155080|100.00||
  2147.797742840|5540491115||ll_cache_miss_rd|246973295160|100.00||
  2149.309540960|5526546726||ll_cache_miss_rd|246754942680|100.00||
  2150.909579080|5683492405||ll_cache_miss_rd|253837499480|100.00||
  2152.465581400|5630379625||ll_cache_miss_rd|251033289240|100.00||
  2154.045731160|5676032004||ll_cache_miss_rd|253176629400|100.00||
  2155.661585840|5808112092||ll_cache_miss_rd|258905528840|100.00||
  2157.273629160|5718439590||ll_cache_miss_rd|255326482080|100.00||
  2158.837413240|5624558360||ll_cache_miss_rd|251148340280|100.00||
  2160.393740960|5597799166||ll_cache_miss_rd|249882802760|100.00||
  2161.961551520|5499459188||ll_cache_miss_rd|245715940440|100.00||
  2163.453758320|5418871741||ll_cache_miss_rd|241878507360|100.00||
  2165.005621080|5596080639||ll_cache_miss_rd|249874174360|100.00||
  2166.589637320|5645536577||ll_cache_miss_rd|252106700040|100.00||
  2168.109716560|5523848736||ll_cache_miss_rd|246713091680|100.00||
  2169.729686480|5739486414||ll_cache_miss_rd|256610685720|100.00||
  2171.297655720|5639780625||ll_cache_miss_rd|252023726520|100.00||
  2172.881742920|5673754474||ll_cache_miss_rd|253699938320|100.00||
  2174.465585880|5607387290||ll_cache_miss_rd|250495936120|100.00||
  2175.993800200|5528316100||ll_cache_miss_rd|246887909800|100.00||
  2177.557512320|5596316925||ll_cache_miss_rd|250132718720|100.00||
  2179.145544360|5719415906||ll_cache_miss_rd|255477850640|100.00||
  2180.761597000|5794553799||ll_cache_miss_rd|258717820680|100.00||
  2182.377554240|5819119752||ll_cache_miss_rd|259761405440|100.00||
  2184.017526040|5818119205||ll_cache_miss_rd|259570300120|100.00||
  2185.617600000|5668063256||ll_cache_miss_rd|252742179800|100.00||
  2187.129518280|5431249462||ll_cache_miss_rd|242578949440|100.00||
  2188.665611080|5599730667||ll_cache_miss_rd|249799066040|100.00||
  2190.249591280|5658346716||ll_cache_miss_rd|252377969560|100.00||
  2191.853505760|5776966447||ll_cache_miss_rd|257629645920|100.00||
  2193.469587440|5750342034||ll_cache_miss_rd|256236651520|100.00||
  2195.053585800|5705879066||ll_cache_miss_rd|254502934600|100.00||
  2196.637555800|5609245135||ll_cache_miss_rd|250350371120|100.00||
  2198.153638720|5513796204||ll_cache_miss_rd|246271950480|100.00||
  2199.733607120|5685941045||ll_cache_miss_rd|254142882680|100.00||
  2201.357634040|5687745323||ll_cache_miss_rd|254487915680|100.00||
  2202.881696200|5485438749||ll_cache_miss_rd|244924764600|100.00||
  2204.429606440|5557688860||ll_cache_miss_rd|248349175720|100.00||
  2205.965618680|5542230499||ll_cache_miss_rd|247478254560|100.00||
  2207.561584680|5714034739||ll_cache_miss_rd|255359687800|100.00||
  2209.133715320|5610996188||ll_cache_miss_rd|250710951160|100.00||
  2210.685647000|5517542279||ll_cache_miss_rd|246345984280|100.00||
  2212.213679360|5518644401||ll_cache_miss_rd|246492788240|100.00||
  2213.777512040|5662473966||ll_cache_miss_rd|253156934040|100.00||
  2215.409660240|5853962865||ll_cache_miss_rd|261600525920|100.00||
  2217.033578560|5770625123||ll_cache_miss_rd|257951399640|100.00||
  2218.625510240|5736708771||ll_cache_miss_rd|256167964840|100.00||
  2220.257487280|5828290095||ll_cache_miss_rd|260060210480|100.00||
  2221.861459000|5778640462||ll_cache_miss_rd|257893928320|100.00||
  2223.473530320|5701108379||ll_cache_miss_rd|254183068760|100.00||
  2225.037690440|5613167325||ll_cache_miss_rd|250531520080|100.00||
  2226.609616200|5717383748||ll_cache_miss_rd|254919263720|100.00||
  2228.213496880|5660936440||ll_cache_miss_rd|252200095160|100.00||
  2229.761566400|5503126712||ll_cache_miss_rd|245664300720|100.00||
  2231.281477080|5442342005||ll_cache_miss_rd|243033003680|100.00||
  2232.813479360|5488217877||ll_cache_miss_rd|244903504080|100.00||
  2234.305376840|5372716507||ll_cache_miss_rd|239840615680|100.00||
  2235.841518200|5495785132||ll_cache_miss_rd|245178017360|100.00||
  2237.353639160|5449211535||ll_cache_miss_rd|243278743920|100.00||
  2238.909561680|5561244360||ll_cache_miss_rd|248033849920|100.00||
  2240.433602840|5481258898||ll_cache_miss_rd|244650564480|100.00||
  2241.977662240|5563562312||ll_cache_miss_rd|248477739720|100.00||
  2243.545610760|5647413702||ll_cache_miss_rd|251791528400|100.00||
  2245.125555000|5612492488||ll_cache_miss_rd|250439617320|100.00||
  2246.677563280|5560205015||ll_cache_miss_rd|248054607280|100.00||
  2248.217535960|5559509118||ll_cache_miss_rd|248159038560|100.00||
  2249.769549760|5604200202||ll_cache_miss_rd|250206311040|100.00||
  2251.377555400|5723396745||ll_cache_miss_rd|255638307160|100.00||
  2252.969450920|5758925742||ll_cache_miss_rd|257216735600|100.00||
  2254.593566920|5795471656||ll_cache_miss_rd|259109819400|100.00||
  2256.193574880|5704830685||ll_cache_miss_rd|255044276440|100.00||
  2257.789672360|5660998638||ll_cache_miss_rd|253195496400|100.00||
  2259.337581600|5552764479||ll_cache_miss_rd|248131666640|100.00||
  2260.905689920|5686130299||ll_cache_miss_rd|254338993920|100.00||
  2262.513637480|5645660920||ll_cache_miss_rd|252136814920|100.00||
  2264.033806000|5532983126||ll_cache_miss_rd|247123156000|100.00||
  2265.629588320|5733624764||ll_cache_miss_rd|256291283400|100.00||
  2267.221628280|5712332323||ll_cache_miss_rd|254862438240|100.00||
  2268.833614880|5712430623||ll_cache_miss_rd|255140696040|100.00||
  2270.381569120|5599114183||ll_cache_miss_rd|250200658520|100.00||
  2271.981606560|5699281974||ll_cache_miss_rd|254039686000|100.00||
  2273.553514640|5697140964||ll_cache_miss_rd|254054831680|100.00||
  2275.177538760|5808418626||ll_cache_miss_rd|259125109720|100.00||
  2276.777733800|5645071644||ll_cache_miss_rd|251852963280|100.00||
  2278.321569560|5572225799||ll_cache_miss_rd|248559224120|100.00||
  2279.869713280|5603181250||ll_cache_miss_rd|250220533560|100.00||
  2281.457596280|5650651338||ll_cache_miss_rd|252002769840|100.00||
  2283.013407120|5535225919||ll_cache_miss_rd|246736481520|100.00||
  2284.533483080|5495562337||ll_cache_miss_rd|245539890280|100.00||
  2286.077648040|5532246902||ll_cache_miss_rd|247059190960|100.00||
  2287.641559320|5614250711||ll_cache_miss_rd|250524806440|100.00||
  2289.209448240|5632435578||ll_cache_miss_rd|251556615160|100.00||
  2290.805567800|5678549300||ll_cache_miss_rd|253646572200|100.00||
  2292.365707160|5664881755||ll_cache_miss_rd|252773043320|100.00||
  2294.001588160|5877420734||ll_cache_miss_rd|262562293560|100.00||
  2295.637634840|5816222822||ll_cache_miss_rd|260087977400|100.00||
  2297.261461160|5825129111||ll_cache_miss_rd|260553717440|100.00||
  2298.857650920|5640819298||ll_cache_miss_rd|252343890280|100.00||
  2300.409748600|5537690974||ll_cache_miss_rd|247226334880|100.00||
  2301.961557120|5662421251||ll_cache_miss_rd|252928573120|100.00||
  2303.581649080|5825976219||ll_cache_miss_rd|260046336120|100.00||
  2305.201568360|5739396949||ll_cache_miss_rd|256183959160|100.00||
  2306.765597880|5621070066||ll_cache_miss_rd|250991242880|100.00||
  2308.341592680|5572995194||ll_cache_miss_rd|248604683080|100.00||
  2309.849648560|5428054180||ll_cache_miss_rd|242588130720|100.00||
  2311.389546520|5541183822||ll_cache_miss_rd|247258065880|100.00||
  2312.941596000|5571937059||ll_cache_miss_rd|248475745560|100.00||
  2314.509710320|5679072247||ll_cache_miss_rd|253137412480|100.00||
  2316.101603600|5639691772||ll_cache_miss_rd|251401528000|100.00||
  2317.649620200|5541060293||ll_cache_miss_rd|247103754520|100.00||
  2319.165666200|5459317243||ll_cache_miss_rd|243894175800|100.00||
  2320.749648920|5689692151||ll_cache_miss_rd|253766960600|100.00||
  2322.317567640|5608120863||ll_cache_miss_rd|250165730680|100.00||
  2323.865611480|5589995390||ll_cache_miss_rd|249433021760|100.00||
  2325.485710320|5824106864||ll_cache_miss_rd|259469057600|100.00||
  2327.057645000|5606132530||ll_cache_miss_rd|250257656720|100.00||
  2328.621588600|5554990434||ll_cache_miss_rd|247951503360|100.00||
  2330.157627000|5567683171||ll_cache_miss_rd|248771130360|100.00||
  2331.741607560|5689439539||ll_cache_miss_rd|254313916120|100.00||
  2333.333535920|5651451733||ll_cache_miss_rd|252334447800|100.00||
  2334.869549800|5585655352||ll_cache_miss_rd|249484592720|100.00||
  2336.477632080|5652833506||ll_cache_miss_rd|252383323480|100.00||
  2338.009621920|5510003907||ll_cache_miss_rd|245982422200|100.00||
  2339.557635040|5631902415||ll_cache_miss_rd|251690039560|100.00||
  2341.193585160|5772409673||ll_cache_miss_rd|258356263520|100.00||
  2342.753630000|5591591906||ll_cache_miss_rd|249955561280|100.00||
  2344.301714040|5551702894||ll_cache_miss_rd|248067245640|100.00||
  2345.885606640|5693471356||ll_cache_miss_rd|254644875320|100.00||
  2347.509493080|5812140504||ll_cache_miss_rd|259623134880|100.00||
  2349.085596360|5647278961||ll_cache_miss_rd|252219621440|100.00||
  2350.685521800|5779345595||ll_cache_miss_rd|258243238560|100.00||
  2352.281587360|5641875785||ll_cache_miss_rd|251836085400|100.00||
  2353.825447280|5560752671||ll_cache_miss_rd|248173897960|100.00||
  2355.409434680|5742725417||ll_cache_miss_rd|256018407040|100.00||
  2357.029598920|5754017618||ll_cache_miss_rd|256485314640|100.00||
  2358.625712720|5633279691||ll_cache_miss_rd|251255756840|100.00||
  2360.145559800|5386397362||ll_cache_miss_rd|240547538840|100.00||
  2361.597573360|5262411105||ll_cache_miss_rd|235145399280|100.00||
  2363.097598200|5442848557||ll_cache_miss_rd|243133924000|100.00||
  2364.669469720|5558770098||ll_cache_miss_rd|248063708280|100.00||
  2366.177500920|5465481853||ll_cache_miss_rd|243941552400|100.00||
  2367.729502000|5517758161||ll_cache_miss_rd|246214269360|100.00||
  2369.265569760|5527692712||ll_cache_miss_rd|246777211360|100.00||
  2370.805579760|5558554169||ll_cache_miss_rd|248195198040|100.00||
  2372.377604960|5614071283||ll_cache_miss_rd|250502281120|100.00||
  2373.929604160|5554038394||ll_cache_miss_rd|247870601080|100.00||
  2375.485653320|5628681843||ll_cache_miss_rd|251188672680|100.00||
  2377.065609280|5587188034||ll_cache_miss_rd|249272813240|100.00||
  2378.593526960|5478568396||ll_cache_miss_rd|244555602200|100.00||
  2380.117604120|5437844517||ll_cache_miss_rd|242700700200|100.00||
  2381.609667480|5388067409||ll_cache_miss_rd|240545757080|100.00||
  2383.157566640|5570668666||ll_cache_miss_rd|248796780840|100.00||
  2384.709609120|5589770495||ll_cache_miss_rd|249578650720|100.00||
  2386.281549080|5618368110||ll_cache_miss_rd|250841069640|100.00||
  2387.849695800|5606434431||ll_cache_miss_rd|250457627080|100.00||
  2389.421536760|5612559050||ll_cache_miss_rd|250599284280|100.00||
  2390.973523840|5567413071||ll_cache_miss_rd|248582693400|100.00||
  2392.513747920|5515856497||ll_cache_miss_rd|246320377080|100.00||
  2394.073633640|5676911290||ll_cache_miss_rd|253500192280|100.00||
  2395.693630600|5789345360||ll_cache_miss_rd|258494783480|100.00||
  2397.293604920|5652972238||ll_cache_miss_rd|252663221240|100.00||
  2398.841615840|5591892377||ll_cache_miss_rd|249969524160|100.00||
  2400.441665920|5719302769||ll_cache_miss_rd|255819807520|100.00||
  2402.021550360|5702620063||ll_cache_miss_rd|254638426520|100.00||
  2403.645604240|5734350033||ll_cache_miss_rd|256171585880|100.00||
  2405.201673960|5597446011||ll_cache_miss_rd|249994896000|100.00||
  2406.769608800|5617034074||ll_cache_miss_rd|250714766040|100.00||
  2408.341631960|5672015400||ll_cache_miss_rd|253095651520|100.00||
  2409.913472960|5625041122||ll_cache_miss_rd|251265513360|100.00||
  2411.505441720|5810049368||ll_cache_miss_rd|259413177400|100.00||
  2413.173454120|5941917162||ll_cache_miss_rd|264384658200|100.00||
  2414.769536360|5612333490||ll_cache_miss_rd|250197346560|100.00||
  2416.313545480|5518035985||ll_cache_miss_rd|246342767080|100.00||
  2417.845463640|5581722668||ll_cache_miss_rd|248802793160|100.00||
  2419.417604200|5584478436||ll_cache_miss_rd|248989348000|100.00||
  2420.981447640|5604736753||ll_cache_miss_rd|249991019240|100.00||
  2422.529488640|5584599235||ll_cache_miss_rd|249000016880|100.00||
  2424.085500280|5573103564||ll_cache_miss_rd|248662137360|100.00||
  2425.625473000|5475172185||ll_cache_miss_rd|244534023320|100.00||
  2427.141508200|5483860296||ll_cache_miss_rd|244832608080|100.00||
  2428.717485320|5609926574||ll_cache_miss_rd|250330098520|100.00||
  2430.237532400|5448522441||ll_cache_miss_rd|243492061640|100.00||
  2431.785644640|5638324192||ll_cache_miss_rd|251429608160|100.00||
  2433.369600240|5600242454||ll_cache_miss_rd|250022154480|100.00||
  2434.929497480|5582125891||ll_cache_miss_rd|249163331440|100.00||
  2436.453548360|5540416263||ll_cache_miss_rd|247387407920|100.00||
  2438.041592000|5668378257||ll_cache_miss_rd|253213436480|100.00||
  2439.629572520|5706788660||ll_cache_miss_rd|255072187920|100.00||
  2441.217600040|5617001111||ll_cache_miss_rd|250895541280|100.00||
  2442.749543240|5586654911||ll_cache_miss_rd|249727838480|100.00||
  2444.353622320|5729873276||ll_cache_miss_rd|256049924160|100.00||
  2445.949502960|5723549034||ll_cache_miss_rd|255849930960|100.00||
  2447.537524360|5605868568||ll_cache_miss_rd|250314976320|100.00||
  2449.097599920|5650326657||ll_cache_miss_rd|252548368920|100.00||
  2450.697498240|5732956123||ll_cache_miss_rd|256375741400|100.00||
  2452.305445440|5673639019||ll_cache_miss_rd|253126991760|100.00||
  2453.837644120|5557318214||ll_cache_miss_rd|248283109600|100.00||
  2455.409758280|5677975305||ll_cache_miss_rd|253575455560|100.00||
  2457.021627760|5750563520||ll_cache_miss_rd|256696819280|100.00||
  2458.629598840|5652543399||ll_cache_miss_rd|251887851360|100.00||
  2460.149621840|5477947231||ll_cache_miss_rd|244510168720|100.00||
  2461.713574160|5716572776||ll_cache_miss_rd|255268574240|100.00||
  2463.353631080|5822112910||ll_cache_miss_rd|259296583200|100.00||
  2464.937611160|5630167429||ll_cache_miss_rd|251114070120|100.00||
  2466.481708880|5524121201||ll_cache_miss_rd|246577556960|100.00||
  2468.005614400|5495139610||ll_cache_miss_rd|245251882320|100.00||
  2469.541688200|5514413524||ll_cache_miss_rd|246124784760|100.00||
  2471.101599120|5624803247||ll_cache_miss_rd|250851272120|100.00||
  2472.669622080|5551593491||ll_cache_miss_rd|247656463880|100.00||
  2474.193596560|5499703090||ll_cache_miss_rd|245610755000|100.00||
  2475.757589960|5621226608||ll_cache_miss_rd|251020040440|100.00||
  2477.345642040|5694425646||ll_cache_miss_rd|254229278880|100.00||
  2478.905585520|5564165285||ll_cache_miss_rd|248263334000|100.00||
  2480.437556720|5513172070||ll_cache_miss_rd|246437165880|100.00||
  2482.029625480|5686734490||ll_cache_miss_rd|253715878520|100.00||
  2483.577553160|5560497505||ll_cache_miss_rd|248317517840|100.00||
  2485.161619960|5724024318||ll_cache_miss_rd|255610679960|100.00||
  2486.777506400|5746223721||ll_cache_miss_rd|256722918960|100.00||
  2488.357515400|5625793553||ll_cache_miss_rd|251430855480|100.00||
  2489.925589640|5609547696||ll_cache_miss_rd|250918688000|100.00||
  2491.461524240|5515101358||ll_cache_miss_rd|246291311400|100.00||
  2492.997565280|5506280926||ll_cache_miss_rd|245767487120|100.00||
  2494.565654760|5589436554||ll_cache_miss_rd|250186195880|100.00||
  2496.113501360|5527041658||ll_cache_miss_rd|246763381520|100.00||
  2497.649503520|5535994512||ll_cache_miss_rd|247153100360|100.00||
  2499.201544440|5623839646||ll_cache_miss_rd|251393239960|100.00||
  2500.785554240|5631327923||ll_cache_miss_rd|251288069360|100.00||
  2502.349550000|5627723365||ll_cache_miss_rd|251101208040|100.00||
  2503.941395040|5794118086||ll_cache_miss_rd|258812902680|100.00||
  2505.613518480|5917151540||ll_cache_miss_rd|263475209080|100.00||
  2507.201576040|5674669034||ll_cache_miss_rd|252895099120|100.00||
  2508.741477320|5530399875||ll_cache_miss_rd|247019928520|100.00||
  2510.325498200|5623347009||ll_cache_miss_rd|250670178000|100.00||
  2511.849410480|5534236925||ll_cache_miss_rd|246983014160|100.00||
  2513.433567600|5638423406||ll_cache_miss_rd|251447796520|100.00||
  2514.957446240|5485284894||ll_cache_miss_rd|244752216000|100.00||
  2516.509424480|5530581533||ll_cache_miss_rd|246769885120|100.00||
  2518.045559600|5598538226||ll_cache_miss_rd|249934985160|100.00||
  2519.665595600|5725480183||ll_cache_miss_rd|254966353120|100.00||
  2521.193595000|5471449195||ll_cache_miss_rd|244519842040|100.00||
  2522.733561960|5556989948||ll_cache_miss_rd|247951937440|100.00||
  2524.297602280|5633391464||ll_cache_miss_rd|251439511680|100.00||
  2525.901620360|5687795329||ll_cache_miss_rd|254112344080|100.00||
  2527.429542920|5545716777||ll_cache_miss_rd|247562585480|100.00||
  2528.997561920|5573923455||ll_cache_miss_rd|248887537960|100.00||
  2530.549630440|5545478770||ll_cache_miss_rd|247694034640|100.00||
  2532.085635160|5571050528||ll_cache_miss_rd|248742945160|100.00||
  2533.669691920|5625843353||ll_cache_miss_rd|251365635840|100.00||
  2535.229662120|5569330431||ll_cache_miss_rd|248903430920|100.00||
  2536.769697120|5434863040||ll_cache_miss_rd|242929515480|100.00||
  2538.257561280|5464044664||ll_cache_miss_rd|243778604000|100.00||
  2539.853657320|5661617629||ll_cache_miss_rd|253173166120|100.00||
  2541.393633320|5514102807||ll_cache_miss_rd|246373840400|100.00||
  2542.961555840|5639643006||ll_cache_miss_rd|251946997360|100.00||
  2544.509615480|5596239852||ll_cache_miss_rd|249987500240|100.00||
  2546.121521200|5702610727||ll_cache_miss_rd|254840615000|100.00||
  2547.669626320|5599435833||ll_cache_miss_rd|250103607160|100.00||
  2549.281702680|5794317337||ll_cache_miss_rd|259183080680|100.00||
  2550.865557160|5671962715||ll_cache_miss_rd|253494955360|100.00||
  2552.469572480|5677834215||ll_cache_miss_rd|253425261000|100.00||
  2554.021655600|5590114770||ll_cache_miss_rd|249715262320|100.00||
  2555.593615280|5744172990||ll_cache_miss_rd|256733802680|100.00||
  2557.233713160|5780492341||ll_cache_miss_rd|257471775680|100.00||
  2558.837505960|5684862646||ll_cache_miss_rd|253406631160|100.00||
  2560.369622480|5460831152||ll_cache_miss_rd|243791636800|100.00||
  2561.869657600|5420440941||ll_cache_miss_rd|242104165680|100.00||
  2563.377540920|5361298947||ll_cache_miss_rd|239429278240|100.00||
  2564.873650320|5419944550||ll_cache_miss_rd|242049438080|100.00||
  2566.433565680|5608249285||ll_cache_miss_rd|250363343600|100.00||
  2568.025561880|5690291208||ll_cache_miss_rd|253701596600|100.00||
  2569.589627000|5634020423||ll_cache_miss_rd|251444127560|100.00||
  2571.177574320|5673087956||ll_cache_miss_rd|252829192840|100.00||
  2572.729534480|5487604143||ll_cache_miss_rd|244817908200|100.00||
  2574.225725800|5381897219||ll_cache_miss_rd|240330202240|100.00||
  2575.749601320|5477547991||ll_cache_miss_rd|244573773480|100.00||
  2577.289737240|5546311595||ll_cache_miss_rd|247523507200|100.00||
  2578.817618120|5484760319||ll_cache_miss_rd|244954576680|100.00||
  2580.369617480|5551323089||ll_cache_miss_rd|247852110320|100.00||
  2581.929650160|5536575130||ll_cache_miss_rd|246976124600|100.00||
  2583.409638000|5356139530||ll_cache_miss_rd|239172486040|100.00||
  2584.961605440|5583000646||ll_cache_miss_rd|249246180120|100.00||
  2586.529737560|5662852515||ll_cache_miss_rd|252740279200|100.00||
  2588.153553600|5735184692||ll_cache_miss_rd|256267428440|100.00||
  2589.677708680|5582891226||ll_cache_miss_rd|249421504640|100.00||
  2591.325604720|5819632174||ll_cache_miss_rd|260186698320|100.00||
  2592.885563080|5661487676||ll_cache_miss_rd|252963908000|100.00||
  2594.489680280|5756336669||ll_cache_miss_rd|257327882960|100.00||
  2596.089568080|5680919361||ll_cache_miss_rd|253590972560|100.00||
  2597.697611800|5751996605||ll_cache_miss_rd|256861137680|100.00||
  2599.297542160|5717586891||ll_cache_miss_rd|255643448960|100.00||
  2600.885461480|5609414285||ll_cache_miss_rd|250657342000|100.00||
  2602.393603480|5492567280||ll_cache_miss_rd|245084956680|100.00||
  2603.985531400|5776892393||ll_cache_miss_rd|258165908000|100.00||
  2605.617636840|5740116729||ll_cache_miss_rd|256254517000|100.00||
  2607.173709880|5647634741||ll_cache_miss_rd|252047794480|100.00||
  2608.777519560|5755484348||ll_cache_miss_rd|256752638920|100.00||
  2610.413619120|5815819066||ll_cache_miss_rd|259169995480|100.00||
  2611.973693520|5641240732||ll_cache_miss_rd|251471600840|100.00||
  2613.597657760|5747989761||ll_cache_miss_rd|256161105120|100.00||
  2615.137542160|5516614865||ll_cache_miss_rd|246295932960|100.00||
  2616.689530600|5594919797||ll_cache_miss_rd|249667780880|100.00||
  2618.237643560|5497413415||ll_cache_miss_rd|245317549640|100.00||
  2619.757460120|5453324340||ll_cache_miss_rd|243450011000|100.00||
  2621.281671920|5505459139||ll_cache_miss_rd|245809650720|100.00||
  2622.857545680|5648054391||ll_cache_miss_rd|252180550760|100.00||
  2624.429519960|5620953068||ll_cache_miss_rd|251002930160|100.00||
  2625.969509400|5543093290||ll_cache_miss_rd|247151238320|100.00||
  2627.537495160|5630887822||ll_cache_miss_rd|251205252960|100.00||
  2629.113521720|5668757123||ll_cache_miss_rd|253139323400|100.00||
  2630.701529440|5668164143||ll_cache_miss_rd|253131839200|100.00||
  2632.261636080|5600023136||ll_cache_miss_rd|250079153160|100.00||
  2633.829590240|5655316589||ll_cache_miss_rd|252640098080|100.00||
  2635.445504320|5721499967||ll_cache_miss_rd|255709467960|100.00||
  2637.001624280|5597140551||ll_cache_miss_rd|249834226360|100.00||
  2638.585582960|5646359264||ll_cache_miss_rd|252337863720|100.00||
  2640.129476960|5540893128||ll_cache_miss_rd|247516335600|100.00||
  2641.709584320|5754710965||ll_cache_miss_rd|256907306280|100.00||
  2643.357678680|5815815084||ll_cache_miss_rd|260048857080|100.00||
  2644.937576920|5722783780||ll_cache_miss_rd|255914438920|100.00||
  2646.561606720|5813199572||ll_cache_miss_rd|259527305880|100.00||
  2648.201491520|5910575367||ll_cache_miss_rd|264211933480|100.00||
  2649.845704720|5858373424||ll_cache_miss_rd|261046766600|100.00||
  2651.441525160|5666466571||ll_cache_miss_rd|252670576360|100.00||
  2652.997607840|5530412718||ll_cache_miss_rd|246628096720|100.00||
  2654.533646800|5585800260||ll_cache_miss_rd|249486947000|100.00||
  2656.109625680|5562159366||ll_cache_miss_rd|248015316520|100.00||
  2657.641600800|5491747059||ll_cache_miss_rd|245136802920|100.00||
  2659.157622040|5477471816||ll_cache_miss_rd|244571937160|100.00||
  2660.693575280|5473396089||ll_cache_miss_rd|244336872600|100.00||
  2662.221630120|5494260972||ll_cache_miss_rd|245276784720|100.00||
  2663.773526560|5558137057||ll_cache_miss_rd|248050583040|100.00||
  2665.301507400|5449908422||ll_cache_miss_rd|243376010160|100.00||
  2666.821528800|5471446846||ll_cache_miss_rd|244267806880|100.00||
  2668.373466440|5496247177||ll_cache_miss_rd|245358222520|100.00||
  2669.853669960|5355338615||ll_cache_miss_rd|239194185920|100.00||
  2671.397654960|5586674373||ll_cache_miss_rd|249318372560|100.00||
  2672.969705080|5662915983||ll_cache_miss_rd|252552412840|100.00||
  2674.561551600|5726848380||ll_cache_miss_rd|255618144560|100.00||
  2676.189577880|5855056659||ll_cache_miss_rd|261661974800|100.00||
  2677.797595400|5665087390||ll_cache_miss_rd|252967217000|100.00||
  2679.353640480|5596471286||ll_cache_miss_rd|250048429880|100.00||
  2680.929557680|5662782730||ll_cache_miss_rd|252984083720|100.00||
  2682.505550360|5632651878||ll_cache_miss_rd|251539123640|100.00||
  2684.065654440|5564599564||ll_cache_miss_rd|248751274920|100.00||
  2685.617431280|5582683922||ll_cache_miss_rd|249370189600|100.00||
  2687.205603160|5637984283||ll_cache_miss_rd|252020118680|100.00||
  2688.769537880|5637506946||ll_cache_miss_rd|251944603800|100.00||
  2690.345531080|5623796328||ll_cache_miss_rd|251379286200|100.00||
  2691.913644680|5701453503||ll_cache_miss_rd|254539614080|100.00||
  2693.537640640|5799294134||ll_cache_miss_rd|259067771640|100.00||
  2695.129580880|5742076571||ll_cache_miss_rd|256316376840|100.00||
  2696.761640560|5795922445||ll_cache_miss_rd|258552615040|100.00||
  2698.365533560|5730169791||ll_cache_miss_rd|255631470080|100.00||
  2699.925723360|5651367037||ll_cache_miss_rd|252059713320|100.00||
  2701.541748280|5782975026||ll_cache_miss_rd|257756801840|100.00||
  2703.153534320|5732572073||ll_cache_miss_rd|255640047880|100.00||
  2704.705523880|5533889709||ll_cache_miss_rd|246930778920|100.00||
  2706.241608520|5532011803||ll_cache_miss_rd|246957252480|100.00||
  2707.781644600|5495248356||ll_cache_miss_rd|245079498640|100.00||
  2709.337671560|5598838098||ll_cache_miss_rd|249865202400|100.00||
  2710.885497880|5477323420||ll_cache_miss_rd|244348136680|100.00||
  2712.393669720|5458213627||ll_cache_miss_rd|243674716120|100.00||
  2713.941612400|5578898506||ll_cache_miss_rd|249211524920|100.00||
  2715.517572720|5584841160||ll_cache_miss_rd|249189901200|100.00||
  2717.029725480|5422847883||ll_cache_miss_rd|242358362080|100.00||
  2718.565619840|5526057026||ll_cache_miss_rd|246611219240|100.00||
  2720.085558640|5486300807||ll_cache_miss_rd|245058764600|100.00||
  2721.661685840|5628844295||ll_cache_miss_rd|251333461840|100.00||
  2723.221577160|5585048354||ll_cache_miss_rd|249198800320|100.00||
  2724.753683800|5464967397||ll_cache_miss_rd|244271312640|100.00||
  2726.281593560|5524172324||ll_cache_miss_rd|246753110320|100.00||
  2727.885626240|5737640521||ll_cache_miss_rd|256254944920|100.00||
  2729.469644840|5694858827||ll_cache_miss_rd|254725681120|100.00||
  2731.069537240|5740009037||ll_cache_miss_rd|256496861720|100.00||
  2732.677511160|5704902281||ll_cache_miss_rd|255243037880|100.00||
  2734.241535560|5593543118||ll_cache_miss_rd|250046308680|100.00||
  2735.805743800|5593992495||ll_cache_miss_rd|250022351280|100.00||
  2737.353607200|5562967640||ll_cache_miss_rd|248542935960|100.00||
  2738.949564200|5764576595||ll_cache_miss_rd|257876006720|100.00||
  2740.537448160|5654642833||ll_cache_miss_rd|252443454000|100.00||
  2742.089593120|5548103950||ll_cache_miss_rd|247833918600|100.00||
  2743.677572760|5757978638||ll_cache_miss_rd|257025316520|100.00||
  2745.293554360|5774762462||ll_cache_miss_rd|258054109680|100.00||
  2746.905616840|5750563959||ll_cache_miss_rd|256316200080|100.00||
  2748.469604760|5621631558||ll_cache_miss_rd|250764958480|100.00||
  2750.037634840|5612795450||ll_cache_miss_rd|250439833800|100.00||
  2751.629596440|5691186270||ll_cache_miss_rd|253580366760|100.00||
  2753.181512120|5526681490||ll_cache_miss_rd|246537957760|100.00||
  2754.737529320|5578179337||ll_cache_miss_rd|248884936680|100.00||
  2756.277652920|5530403546||ll_cache_miss_rd|246962796160|100.00||
  2757.813516080|5466378633||ll_cache_miss_rd|244033787560|100.00||
  2759.329584600|5449375536||ll_cache_miss_rd|243263168040|100.00||
  2760.845668040|5457242193||ll_cache_miss_rd|243632163560|100.00||
  2762.429682200|5713180169||ll_cache_miss_rd|254958100480|100.00||
  2764.021641760|5648343709||ll_cache_miss_rd|251889893040|100.00||
  2765.537487880|5442241463||ll_cache_miss_rd|242938472200|100.00||
  2767.053745080|5391749282||ll_cache_miss_rd|240813190120|100.00||
  2768.533764400|5396548234||ll_cache_miss_rd|241059411480|100.00||
  2770.097696760|5586717714||ll_cache_miss_rd|249335767960|100.00||
  2771.653593440|5495880143||ll_cache_miss_rd|245332274800|100.00||
  2773.149595440|5441898966||ll_cache_miss_rd|242949173640|100.00||
  2774.705659760|5492802579||ll_cache_miss_rd|245304569200|100.00||
  2776.197583480|5410067003||ll_cache_miss_rd|241515729240|100.00||
  2777.769626320|5667743606||ll_cache_miss_rd|252978823320|100.00||
  2779.333606920|5588011097||ll_cache_miss_rd|249712178560|100.00||
  2780.881689240|5601295347||ll_cache_miss_rd|250402644000|100.00||
  2782.513558800|5775141551||ll_cache_miss_rd|257941442040|100.00||
  2784.073632240|5565256591||ll_cache_miss_rd|248619747600|100.00||
  2785.593649560|5481074377||ll_cache_miss_rd|244819493320|100.00||
  2787.177670520|5696281043||ll_cache_miss_rd|254531992760|100.00||
  2788.745604920|5546600491||ll_cache_miss_rd|247765024320|100.00||
  2790.245729600|5456331726||ll_cache_miss_rd|243779880440|100.00||
  2791.809648320|5570149312||ll_cache_miss_rd|248612955480|100.00||
  2793.393694520|5654715902||ll_cache_miss_rd|252839140160|100.00||
  2794.949613840|5577581469||ll_cache_miss_rd|249580497200|100.00||
  2796.521691480|5673605569||ll_cache_miss_rd|253497710880|100.00||
  2798.117514960|5730925352||ll_cache_miss_rd|256169069200|100.00||
  2799.725548040|5746907208||ll_cache_miss_rd|257129182720|100.00||
  2801.305581680|5678774917||ll_cache_miss_rd|253765237960|100.00||
  2802.933434480|5830976604||ll_cache_miss_rd|260225279560|100.00||
  2804.545441880|5850922236||ll_cache_miss_rd|261076819400|100.00||
  2806.229598480|5889244514||ll_cache_miss_rd|261964679360|100.00||
  2807.773593840|5540249998||ll_cache_miss_rd|247012317240|100.00||
  2809.321637560|5574065581||ll_cache_miss_rd|248865180440|100.00||
  2810.897627680|5605665159||ll_cache_miss_rd|250050703400|100.00||
  2812.429605360|5526706582||ll_cache_miss_rd|246705106600|100.00||
  2813.989585720|5554212821||ll_cache_miss_rd|247980508560|100.00||
  2815.525607360|5554937275||ll_cache_miss_rd|247969986040|100.00||
  2817.117509120|5663961015||ll_cache_miss_rd|252575299920|100.00||
  2818.657569720|5448406396||ll_cache_miss_rd|243227691480|100.00||
  2820.125509920|5240509364||ll_cache_miss_rd|234108765200|100.00||
  2821.569563040|5214727846||ll_cache_miss_rd|233370599760|100.00||
  2823.057577240|5391118473||ll_cache_miss_rd|241064102320|100.00||
  2824.593606760|5511772331||ll_cache_miss_rd|246032382160|100.00||
  2826.129525560|5474205929||ll_cache_miss_rd|244369465080|100.00||
  2827.653676280|5468639904||ll_cache_miss_rd|244157986040|100.00||
  2829.221717080|5624726715||ll_cache_miss_rd|250836080000|100.00||
  2830.761566200|5546968995||ll_cache_miss_rd|247452481760|100.00||
  2832.325556000|5607389075||ll_cache_miss_rd|250175892200|100.00||
  2833.881480600|5571638805||ll_cache_miss_rd|248600066880|100.00||
  2835.437497040|5624268113||ll_cache_miss_rd|250998089560|100.00||
  2837.037599720|5726294149||ll_cache_miss_rd|255901812400|100.00||
  2838.609669640|5617211562||ll_cache_miss_rd|250898519360|100.00||
  2840.165484680|5569363044||ll_cache_miss_rd|248782460600|100.00||
  2841.749466160|5667053706||ll_cache_miss_rd|253268397320|100.00||
  2843.305615160|5589331113||ll_cache_miss_rd|249533022440|100.00||
  2844.853463160|5468206588||ll_cache_miss_rd|244194362600|100.00||
  2846.361484160|5494201580||ll_cache_miss_rd|245287021720|100.00||
  2847.961392160|5682841626||ll_cache_miss_rd|254016352240|100.00||
  2849.513661280|5566319894||ll_cache_miss_rd|248714215600|100.00||
  2851.057617480|5560540597||ll_cache_miss_rd|248311019360|100.00||
  2852.625459200|5638937587||ll_cache_miss_rd|252096448000|100.00||
  2854.241458320|5709195583||ll_cache_miss_rd|255462330280|100.00||
  2855.817595680|5654067466||ll_cache_miss_rd|252750695440|100.00||
  2857.397580240|5753215177||ll_cache_miss_rd|257124804360|100.00||
  2859.017471640|5692170187||ll_cache_miss_rd|254087879880|100.00||
  2860.541594960|5500610513||ll_cache_miss_rd|245699112440|100.00||
  2862.121623720|5657323014||ll_cache_miss_rd|252427157720|100.00||
  2863.689614280|5686667328||ll_cache_miss_rd|253939007000|100.00||
  2865.301720560|5701861985||ll_cache_miss_rd|254150803000|100.00||
  2866.833691040|5521329724||ll_cache_miss_rd|246158841920|100.00||
  2868.429697480|5679790684||ll_cache_miss_rd|253217288520|100.00||
  2869.977618600|5598491809||ll_cache_miss_rd|249873376680|100.00||
  2871.565524040|5601526175||ll_cache_miss_rd|249708408000|100.00||
  2873.061619400|5419743821||ll_cache_miss_rd|242078611760|100.00||
  2874.649656040|5711697912||ll_cache_miss_rd|254555352040|100.00||
  2876.221573160|5614736131||ll_cache_miss_rd|250238546160|100.00||
  2877.773625680|5569506126||ll_cache_miss_rd|248575292120|100.00||
  2879.333601960|5581863893||ll_cache_miss_rd|249143717280|100.00||
  2880.861737600|5497100480||ll_cache_miss_rd|245430765920|100.00||
  2882.413615520|5541384316||ll_cache_miss_rd|247476340280|100.00||
  2883.937609720|5475253758||ll_cache_miss_rd|244370649160|100.00||
  2885.469581880|5521520261||ll_cache_miss_rd|246565220920|100.00||
  2887.045554720|5696108556||ll_cache_miss_rd|254346731000|100.00||
  2888.649599480|5707703405||ll_cache_miss_rd|254811635040|100.00||
  2890.237471560|5608229266||ll_cache_miss_rd|250326710240|100.00||
  2891.741627200|5472240915||ll_cache_miss_rd|244280168960|100.00||
  2893.301474040|5613454838||ll_cache_miss_rd|250168272280|100.00||
  2894.889619600|5598699090||ll_cache_miss_rd|248652283560|100.00||
  2896.425452560|5479172444||ll_cache_miss_rd|243696073560|100.00||
  2897.095663520|2538331005||ll_cache_miss_rd|112818799040|100.00||
